Name,Initials,Clue,Hint
"Abanikanda, Israel",A I,Running Back,San Francisco
"Abdullah, Ameer",A A,Running Back,Las Vegas
"Achane, De'Von",A D,Running Back,Miami
"Adams, Davante",A D,Wide Receiver,NY Jets
"Addison, Jordan",A J,Wide Receiver,Minnesota
"Adkins, Nate",A N,Tight End,Denver
"Agholor, Nelson",A N,Wide Receiver,Baltimore
"Agnew, Jamal",A J,Wide Receiver,Pittsburgh
"Ahmed, Salvon",A S,Running Back,Indianapolis
"Aiyuk, Brandon",A B,Wide Receiver,San Francisco
"Akers, Cam",A C,Running Back,Minnesota
"Akins, Jordan",A J,Tight End,Cleveland
"Alexander, Maurice",A M,Wide Receiver,Detroit
"Ali, Rasheen",A R,Running Back,Baltimore
"Alie-Cox, Mo",A M,Tight End,Indianapolis
"All, Erick",A E,Tight End,Cincinnati
"Allen, Braelon",A B,Running Back,NY Jets
"Allen, Brandon",A B,Quarterback,San Francisco
"Allen, Davis",A D,Tight End,LA Rams
"Allen, Josh",A J,Quarterback,Buffalo
"Allen, Kazmeir",A K,Wide Receiver,Washington
"Allen, Keenan",A K,Wide Receiver,Chicago
"Allen, Kyle",A K,Quarterback,Pittsburgh
"Allgeier, Tyler",A T,Running Back,Atlanta
"Andrews, David",A D,Center,New England
"Andrews, Jake",A J,Center,New England
"Andrews, Mark",A M,Tight End,Baltimore
"Anger, Bryan",A B,Punter,Dallas
"Araiza, Matt",A M,Punter,Kansas City
"Atwell, Chatarius",A C,Wide Receiver,LA Rams
"Aubrey, Brandon",A B,Kicker,Dallas
"Austin, Calvin",A C,Wide Receiver,Pittsburgh
"Austin, Kevin",A K,Wide Receiver,New Orleans
"Baccellia, Andre",B A,Wide Receiver,Arizona
"Bachman, Alex",B A,Wide Receiver,Las Vegas
"Badgley, Michael",B M,Kicker,Detroit
"Badie, Tyler",B T,Running Back,Denver
"Bagent, Tyson",B T,Quarterback,Chicago
"Bailey, Emani",B E,Running Back,Carolina
"Bailey, Jake",B J,Punter,Miami
"Baker, Javon",B J,Wide Receiver,New England
"Bandy, Michael",B M,Wide Receiver,Denver
"Baringer, Bryce",B B,Punter,New England
"Barkley, Saquon",B S,Running Back,Philadelphia
"Barner, AJ",B A,Tight End,Seattle
"Barton, Graham",B G,Center,Tampa Bay
"Bass, Tyler",B T,Kicker,Buffalo
"Bateman, Rashod",B R,Wide Receiver,Baltimore
"Bates, Brenden",B B,Tight End,Cleveland
"Bates, Jake",B J,Kicker,Detroit
"Bates, John",B J,Tight End,Washington
"Bean, Jason",B J,Quarterback,Indianapolis
"Beathard, C.J.",B C,Quarterback,Jacksonville
"Beck, Andrew",B A,Running Back,Houston
"Bell, David",B D,Wide Receiver,Cleveland
"Bell, Jaheim",B J,Tight End,New England
"Bell, Ronnie",B R,Wide Receiver,San Francisco
"Bellinger, Daniel",B D,Tight End,NY Giants
"Bennett, Stetson",B S,Quarterback,LA Rams
"Benson, Trey",B T,Running Back,Arizona
"Berrios, Braxton",B B,Wide Receiver,Miami
"Biadasz, Tyler",B T,Center,Washington
"Bigsby, Cartavious",B C,Running Back,Jacksonville
"Black, Tarik",B T,Wide Receiver,Miami
"Blackshear, Raheem",B R,Running Back,Carolina
"Blair, Chris",B C,Wide Receiver,Atlanta
"Blasingame, Khari",B K,Running Back,Philadelphia
"Bobo, Jake",B J,Wide Receiver,Seattle
"Bojorquez, Corey",B C,Punter,Cleveland
"Boone, Mike",B M,Running Back,Carolina
"Boswell, Chris",B C,Kicker,Pittsburgh
"Bourne, Kendrick",B K,Wide Receiver,New England
"Boutte, Kayshon",B K,Wide Receiver,New England
"Bowers, Brock",B B,Tight End,Las Vegas
"Bowman, Shawn",B S,Tight End,Jacksonville
"Boyd, Tyler",B T,Wide Receiver,Tennessee
"Boykin, Miles",B M,Wide Receiver,Seattle
"Boyle, Tim",B T,Quarterback,NY Giants
"Bozeman, Bradley",B B,Center,LA Chargers
"Bradbury, Garrett",B G,Center,Minnesota
"Bradley, Carter",B C,Quarterback,Las Vegas
"Brendel, Jake",B J,Center,San Francisco
"Brightwell, Gary",B G,Running Back,Cincinnati
"Brissett, Jacoby",B J,Quarterback,New England
"Brooks, British",B B,Running Back,Houston
"Brooks, Christopher",B C,Running Back,Green Bay
"Brooks, Jalen",B J,Wide Receiver,Dallas
"Brooks, Jonathon",B J,Running Back,Carolina
"Brown, A.J.",B A,Wide Receiver,Philadelphia
"Brown, Anthony",B A,Quarterback,Arizona
"Brown, Ben",B B,Center,New England
"Brown, Brittain",B B,Running Back,Seattle
"Brown, Chase",B C,Running Back,Cincinnati
"Brown, Dyami",B D,Wide Receiver,Washington
"Brown, Evan",B E,Center,Arizona
"Brown, Marquise",B M,Wide Receiver,Kansas City
"Brown, Noah",B N,Wide Receiver,Washington
"Brown, Pharaoh",B P,Tight End,Seattle
"Browning, Jack",B J,Punter,Tampa Bay
"Browning, Jake",B J,Quarterback,Cincinnati
"Brownlee, Jason",B J,Wide Receiver,NY Jets
"Bryant, Harrison",B H,Tight End,Las Vegas
"Buechele, Shane",B S,Quarterback,Buffalo
"Burgess, Cole",B C,Wide Receiver,Cincinnati
"Burks, Treylon",B T,Wide Receiver,Tennessee
"Burns, Robert",B R,Running Back,Atlanta
"Burrow, Joe",B J,Quarterback,Cincinnati
"Burton, Jermaine",B J,Wide Receiver,Cincinnati
"Burton, Michael",B M,Running Back,Denver
"Butker, Harrison",B H,Kicker,Kansas City
"Calcaterra, Grant",C G,Tight End,Philadelphia
"Callaway, Marquez",C M,Wide Receiver,Tampa Bay
"Campbell, Parris",C P,Wide Receiver,Philadelphia
"Carlson, Anders",C A,Kicker,NY Jets
"Carlson, Daniel",C D,Kicker,Las Vegas
"Carlson, Stephen",C S,Tight End,Chicago
"Carr, Derek",C D,Quarterback,New Orleans
"Carter, DeAndre",C D,Wide Receiver,Chicago
"Carter, Michael",C M,Running Back,Arizona
"Carter, Michael",C M,Running Back,Arizona
"Castles, McCallan",C M,Tight End,LA Chargers
"Cephus, Joshua",C J,Wide Receiver,Jacksonville
"Cephus, Quintez",C Q,Wide Receiver,LA Rams
"Chandler, Ty",C T,Running Back,Minnesota
"Charbonnet, Zach",C Z,Running Back,Seattle
"Chark, D.J.",C D,Wide Receiver,LA Chargers
"Charles, Irvin",C I,Wide Receiver,NY Jets
"Chase, Ja'Marr",C J,Wide Receiver,Cincinnati
"Chestnut, Julius",C J,Running Back,Tennessee
"Chisena, Dan",C D,Wide Receiver,Carolina
"Chubb, Nick",C N,Running Back,Cleveland
"Cindric, Matthew",C M,Center,NY Jets
"Clapp, William",C W,Center,Buffalo
"Clifford, Sean",C S,Quarterback,Green Bay
"Coker, Jalen",C J,Wide Receiver,Carolina
"Cole, A.J.",C A,Punter,Las Vegas
"Coleman, Keon",C K,Wide Receiver,Buffalo
"Coll, Ryan",C R,Center,Indianapolis
"Collier, Chris",C C,Running Back,Las Vegas
"Collins, Nico",C N,Wide Receiver,Houston
"Conklin, Tyler",C T,Tight End,NY Jets
"Conley, Chris",C C,Wide Receiver,San Francisco
"Conner, James",C J,Running Back,Arizona
"Conner, Tanner",C T,Tight End,Miami
"Cook, Dalvin",C D,Running Back,Dallas
"Cook, James",C J,Running Back,Buffalo
"Cooke, Logan",C L,Punter,Jacksonville
"Cooks, Brandin",C B,Wide Receiver,Dallas
"Cooks, Elijah",C E,Wide Receiver,Jacksonville
"Cooper, Amari",C A,Wide Receiver,Buffalo
"Corley, Malachi",C M,Wide Receiver,NY Jets
"Corum, Blake",C B,Running Back,LA Rams
"Cousins, Kirk",C K,Quarterback,Atlanta
"Covey, Britain",C B,Wide Receiver,Philadelphia
"Cowing, Jacob",C J,Wide Receiver,San Francisco
"Cracraft, River",C R,Wide Receiver,Miami
"Cropper, Jalen",C J,Wide Receiver,Dallas
"Crowder, Jamison",C J,Wide Receiver,Washington
"Culp, Devin",C D,Tight End,Tampa Bay
"Cunningham, Malik",C M,Wide Receiver,Baltimore
"Cupp, Baylor",C B,Tight End,Kansas City
"Cushenberry, Lloyd",C L,Center,Tennessee
"Dafney, Dominique",D D,Tight End,Carolina
"Dallas, DeeJay",D D,Running Back,Arizona
"Dalman, Drew",D D,Center,Atlanta
"Dalton, Andy",D A,Quarterback,Carolina
"Daniels, Jayden",D J,Quarterback,Washington
"Darden, Jaelon",D J,Wide Receiver,Seattle
"Darnold, Sam",D S,Quarterback,Minnesota
"Davidson, Zach",D Z,Tight End,Buffalo
"Davis, Derius",D D,Wide Receiver,LA Chargers
"Davis, Gabriel",D G,Wide Receiver,Jacksonville
"Davis, Isaiah",D I,Running Back,NY Jets
"Davis, Kaden",D K,Wide Receiver,Cleveland
"Davis, Malik",D M,Running Back,Dallas
"Davis, Re'Mahn",D R,Running Back,Buffalo
"Davis, Tyler",D T,Tight End,Green Bay
"Davis, Tyler",D T,Tight End,Green Bay
"Davis-Price, Tyrion",D T,Running Back,Philadelphia
"Deguara, Josiah",D J,Tight End,Jacksonville
"Dell, Nathaniel",D N,Wide Receiver,Houston
"Demercado, Emari",D E,Running Back,Arizona
"DeVito, Tommy",D T,Quarterback,NY Giants
"Dicker, Cameron",D C,Kicker,LA Chargers
"Dickson, Michael",D M,Punter,Seattle
"Diggs, Stefon",D S,Wide Receiver,Houston
"Dillon, AJ",D A,Running Back,Green Bay
"DiNucci, Ben",D B,Quarterback,New Orleans
"Dissly, Will",D W,Tight End,LA Chargers
"Dixon, Riley",D R,Punter,Denver
"Dobbins, J.K.",D J,Running Back,LA Chargers
"Dobbs, Joshua",D J,Quarterback,San Francisco
"Dorsett, Phillip",D P,Wide Receiver,Atlanta
"Dortch, Greg",D G,Wide Receiver,Arizona
"Dotson, Elijah",D E,Running Back,Atlanta
"Dotson, Jahan",D J,Wide Receiver,Philadelphia
"Doubs, Romeo",D R,Wide Receiver,Green Bay
"Douglas, Demario",D D,Wide Receiver,New England
"Dowdle, Rico",D R,Running Back,Dallas
"Dowell, Colton",D C,Wide Receiver,Tennessee
"Downs, Josh",D J,Wide Receiver,Indianapolis
"Driskel, Jeff",D J,Quarterback,Washington
"Drummond, Dylan",D D,Wide Receiver,Atlanta
"DuBose, Grant",D G,Wide Receiver,Miami
"Dulcich, Greg",D G,Tight End,NY Giants
"Dulin, Ashton",D A,Wide Receiver,Indianapolis
"Durham, Payne",D P,Tight End,Tampa Bay
"Duvernay, Devin",D D,Wide Receiver,Jacksonville
"Dwelley, Ross",D R,Tight End,Atlanta
"Edmonds, Chase",E C,Running Back,Tampa Bay
"Edwards, Gus",E G,Running Back,LA Chargers
"Edwards-Helaire, Clyde",E C,Running Back,New Orleans
"Eguakun, Kingsley",E K,Center,Detroit
"Ehlinger, Sam",E S,Quarterback,Indianapolis
"Ekeler, Austin",E A,Running Back,Washington
"Elliott, Ezekiel",E E,Running Back,Dallas
"Elliott, Jake",E J,Kicker,Philadelphia
"Engram, Evan",E E,Tight End,Jacksonville
"Erickson, Alex",E A,Wide Receiver,New England
"Ertz, Zach",E Z,Tight End,Washington
"Eskridge, D'Wayne",E D,Wide Receiver,Miami
"Estime, Audric",E A,Running Back,Denver
"Etienne, Travis",E T,Running Back,Jacksonville
"Evans, Chris",E C,Running Back,Cincinnati
"Evans, Darrynton",E D,Running Back,Chicago
"Evans, Ethan",E E,Punter,LA Rams
"Evans, Mike",E M,Wide Receiver,Tampa Bay
"Evans, Zach",E Z,Running Back,NY Jets
"Everett, Gerald",E G,Tight End,Chicago
"Ezukanma, Erik",E E,Wide Receiver,Miami
"Fairbairn, Ka'imi",F K,Kicker,Houston
"Fant, Noah",F N,Tight End,Seattle
"Fant, Princeton",F P,Tight End,Dallas
"Farrell, Luke",F L,Tight End,Jacksonville
"Feeney, Dan",F D,Center,Minnesota
"Fehoko, Simi",F S,Wide Receiver,LA Chargers
"Fenwick, Deshaun",F D,Running Back,Green Bay
"Ferguson, Jake",F J,Tight End,Dallas
"Fields, Justin",F J,Quarterback,Pittsburgh
"Firkser, Anthony",F A,Tight End,Kansas City
"Fisk, Tucker",F T,Tight End,LA Chargers
"Fitzpatrick, Dez",F D,Wide Receiver,LA Chargers
"FitzPatrick, John",F J,Tight End,Green Bay
"Flacco, Joe",F J,Quarterback,Indianapolis
"Flournoy, Ryan",F R,Wide Receiver,Dallas
"Flowers, Zay",F Z,Wide Receiver,Baltimore
"Folk, Nick",F N,Kicker,Tennessee
"Ford, Jerome",F J,Running Back,Cleveland
"Ford-Wheaton, Bryce",F B,Wide Receiver,NY Giants
"Foreman, D'Onta",F D,Running Back,Cleveland
"Foreman, Jeff",F J,Wide Receiver,Las Vegas
"Forsyth, Alex",F A,Center,Denver
"Fortner, Luke",F L,Center,Jacksonville
"Fortson, Joe",F J,Tight End,Kansas City
"Fox, Jack",F J,Punter,Detroit
"Franklin, Troy",F T,Wide Receiver,Denver
"Franks, Feleipe",F F,Tight End,Carolina
"Frazier, Zach",F Z,Center,Pittsburgh
"Freeman, Royce",F R,Running Back,Chicago
"Freiermuth, Pat",F P,Tight End,Pittsburgh
"French, Wesley",F W,Center,Indianapolis
"Fromm, Jake",F J,Quarterback,Detroit
"Gage, Russell",G R,Wide Receiver,San Francisco
"Gainwell, Kenny",G K,Running Back,Philadelphia
"Gano, Graham",G G,Kicker,NY Giants
"Garoppolo, Jimmy",G J,Quarterback,LA Rams
"Gaskin, Myles",G M,Running Back,Jacksonville
"Gates, Nick",G N,Center,Philadelphia
"Gay, Matt",G M,Kicker,Indianapolis
"Gesicki, Mike",G M,Tight End,Cincinnati
"Gibbs, Jahmyr",G J,Running Back,Detroit
"Gibson, Antonio",G A,Running Back,New England
"Gill, Jaelen",G J,Wide Receiver,Cleveland
"Gillan, Jamie",G J,Punter,NY Giants
"Gilliam, Reggie",G R,Running Back,Buffalo
"Gillikin, Blake",G B,Punter,Arizona
"Gipson, Xavier",G X,Wide Receiver,NY Jets
"Godwin, Chris",G C,Wide Receiver,Tampa Bay
"Goedert, Dallas",G D,Tight End,Philadelphia
"Goff, Jared",G J,Quarterback,Detroit
"Gonzalez, Zane",G Z,Kicker,Washington
"Goodson, Tyler",G T,Running Back,Indianapolis
"Gore, Frank",G F,Running Back,Buffalo
"Gould, Anthony",G A,Wide Receiver,Indianapolis
"Grandy, Cam",G C,Tight End,Cincinnati
"Granson, Kylen",G K,Tight End,Indianapolis
"Gray, Danny",G D,Wide Receiver,Philadelphia
"Gray, Eric",G E,Running Back,NY Giants
"Gray, Noah",G N,Tight End,Kansas City
"Green, Antoine",G A,Wide Receiver,Detroit
"Green, Kendrick",G K,Center,Houston
"Grier, Will",G W,Quarterback,Dallas
"Grupe, Blake",G B,Kicker,New Orleans
"Guerendo, Isaac",G I,Running Back,San Francisco
"Haener, Jake",H J,Quarterback,New Orleans
"Hainsey, Robert",H R,Center,Tampa Bay
"Hairston, Troy",H T,Running Back,Houston
"Hale, Alex",H A,Kicker,Green Bay
"Hall, Breece",H B,Running Back,NY Jets
"Hall, Jaren",H J,Quarterback,Seattle
"Ham, C.J.",H C,Running Back,Minnesota
"Hamler, KJ",H K,Wide Receiver,Buffalo
"Hardman, Mecole",H M,Wide Receiver,Kansas City
"Harmon, Kelvin",H K,Wide Receiver,Dallas
"Harris, Kevin",H K,Running Back,New England
"Harris, Najee",H N,Running Back,Pittsburgh
"Harris, Nick",H N,Center,Cleveland
"Harrison, Marvin",H M,Wide Receiver,Arizona
"Hartman, Sam",H S,Quarterback,Washington
"Harty, Deonte",H D,Wide Receiver,Baltimore
"Haskins, Hassan",H H,Running Back,LA Chargers
"Hasty, JaMycal",H J,Running Back,New England
"Hayball, Matt",H M,Punter,New Orleans
"Haynesworth, Sincere",H S,Center,New Orleans
"Heath, Malik",H M,Wide Receiver,Green Bay
"Heinicke, Taylor",H T,Quarterback,LA Chargers
"Hekker, Johnny",H J,Punter,Carolina
"Hendershot, Peyton",H P,Tight End,Kansas City
"Hennessy, Matt",H M,Center,Atlanta
"Henry, Derrick",H D,Running Back,Baltimore
"Henry, Hunter",H H,Tight End,New England
"Herbert, Justin",H J,Quarterback,LA Chargers
"Herbert, Khalil",H K,Running Back,Cincinnati
"Heyward, Connor",H C,Running Back,Pittsburgh
"Hicks, Julian",H J,Wide Receiver,Green Bay
"Higbee, Tyler",H T,Tight End,LA Rams
"Higgins, Elijah",H E,Tight End,Arizona
"Higgins, Tee",H T,Wide Receiver,Cincinnati
"Hill, Julian",H J,Tight End,Miami
"Hill, Justice",H J,Running Back,Baltimore
"Hill, Taysom",H T,Tight End,New Orleans
"Hill, Trey",H T,Center,Cincinnati
"Hill, Tyreek",H T,Wide Receiver,Miami
"Hines, Chasen",H C,Center,Miami
"Hines, Nyheim",H N,Running Back,Cleveland
"Hockenson, T.J.",H T,Tight End,Minnesota
"Hodge, Khadarel",H K,Wide Receiver,Atlanta
"Hodgins, Isaiah",H I,Wide Receiver,NY Giants
"Hoffman, Brock",H B,Center,Dallas
"Holani, George",H G,Running Back,Seattle
"Holker, Dallin",H D,Tight End,New Orleans
"Hollins, Mack",H M,Wide Receiver,Buffalo
"Homer, Travis",H T,Running Back,Chicago
"Hooker, Hendon",H H,Quarterback,Detroit
"Hooper, Austin",H A,Tight End,New England
"Hopkins, DeAndre",H D,Wide Receiver,Kansas City
"Hopkins, Dustin",H D,Kicker,Cleveland
"Houston, Dennis",H D,Wide Receiver,Tampa Bay
"Howell, Sam",H S,Quarterback,Seattle
"Hubbard, Chuba",H C,Running Back,Carolina
"Hudson, Bryan",H B,Center,NY Giants
"Hudson, Tanner",H T,Tight End,Cincinnati
"Hull, Evan",H E,Running Back,Indianapolis
"Humphrey, Creed",H C,Center,Kansas City
"Humphrey, Lil'Jordan",H L,Wide Receiver,Denver
"Hunt, Kareem",H K,Running Back,Kansas City
"Huntley, Tyler",H T,Quarterback,Miami
"Hurst, Hayden",H H,Tight End,LA Chargers
"Hurts, Jalen",H J,Quarterback,Philadelphia
"Hutchinson, Xavier",H X,Wide Receiver,Houston
"Hyatt, Jalin",H J,Wide Receiver,NY Giants
"Ingold, Alec",I A,Running Back,Miami
"Ingram, Keaontay",I K,Running Back,Kansas City
"Iosivas, Andrei",I A,Wide Receiver,Cincinnati
"Irving, Mar'Keise",I M,Running Back,Tampa Bay
"Irwin, Trenton",I T,Wide Receiver,Carolina
"Ismail, Qadir",I Q,Tight End,Baltimore
"Jackson, JaQuae",J J,Wide Receiver,New England
"Jackson, Jermaine",J J,Wide Receiver,New Orleans
"Jackson, Jha'Quan",J J,Wide Receiver,Tennessee
"Jackson, John",J J,Wide Receiver,Chicago
"Jackson, Kearis",J K,Wide Receiver,NY Giants
"Jackson, Lamar",J L,Quarterback,Baltimore
"Jackson, Lamar",J L,Quarterback,Baltimore
"Jackson, Lucky",J L,Wide Receiver,Minnesota
"Jackson, Shedrick",J S,Wide Receiver,Las Vegas
"Jackson, Trishton",J T,Wide Receiver,Minnesota
"Jackson, Tyree",J T,Tight End,Washington
"Jacobs, Josh",J J,Running Back,Green Bay
"Jacobson, Michael",J M,Tight End,New Orleans
"James, Andre",J A,Center,Las Vegas
"Jarrett, Rakim",J R,Wide Receiver,Tampa Bay
"Jefferson, Jermar",J J,Running Back,Detroit
"Jefferson, Justin",J J,Wide Receiver,Minnesota
"Jefferson, Van",J V,Wide Receiver,Pittsburgh
"Jenkins, E.J.",J E,Tight End,Philadelphia
"Jennings, Jauan",J J,Wide Receiver,San Francisco
"Jennings, Terrell",J T,Running Back,New England
"Jeudy, Jerry",J J,Wide Receiver,Cleveland
"Jiles Jr., Jon",J J,Wide Receiver,New England
"Johnson, Brandon",J B,Wide Receiver,Pittsburgh
"Johnson, Collin",J C,Wide Receiver,Chicago
"Johnson, Cornelius",J C,Wide Receiver,Green Bay
"Johnson, D'Ernest",J D,Running Back,Jacksonville
"Johnson, Diontae",J D,Wide Receiver,Houston
"Johnson, Jaylen",J J,Wide Receiver,LA Chargers
"Johnson, Johnny",J J,Wide Receiver,Houston
"Johnson, Josh",J J,Quarterback,Baltimore
"Johnson, Juwan",J J,Tight End,New Orleans
"Johnson, Kameron",J K,Wide Receiver,Tampa Bay
"Johnson, Roschon",J R,Running Back,Chicago
"Johnson, Theo",J T,Tight End,NY Giants
"Johnson, Ty",J T,Running Back,Buffalo
"Johnson, Tyler",J T,Wide Receiver,LA Rams
"Johnson, Xavier",J X,Wide Receiver,Houston
"Johnston, Cameron",J C,Punter,Pittsburgh
"Johnston, Quentin",J Q,Wide Receiver,LA Chargers
"Jones, Aaron",J A,Running Back,Minnesota
"Jones, Charlie",J C,Wide Receiver,Cincinnati
"Jones, Daniel",J D,Quarterback,Minnesota
"Jones, Jeshaun",J J,Wide Receiver,Minnesota
"Jones, Mac",J M,Quarterback,Jacksonville
"Jones, Tim",J T,Wide Receiver,Jacksonville
"Jones, Tony",J T,Running Back,Arizona
"Jones, Velus",J V,Wide Receiver,Carolina
"Jones, Zay",J Z,Wide Receiver,Arizona
"Jordan, Brevin",J B,Tight End,Houston
"Jordan, Jawhar",J J,Running Back,Houston
"Joseph, Greg",J G,Kicker,NY Jets
"Jurgens, Cameron",J C,Center,Philadelphia
"Juszczyk, Kyle",J K,Running Back,San Francisco
"Kalinic, Nikola",K N,Tight End,LA Rams
"Kamara, Alvin",K A,Running Back,New Orleans
"Karras, Ted",K T,Center,Cincinnati
"Karty, Joshua",K J,Kicker,LA Rams
"Keene, Dalton",K D,Tight End,Houston
"Keenum, Case",K C,Quarterback,Houston
"Kelce, Travis",K T,Tight End,Kansas City
"Kelley, Joshua",K J,Running Back,Tennessee
"Kelly, Ryan",K R,Center,Indianapolis
"Kennedy, Tom",K T,Wide Receiver,Detroit
"Keyton, Ramel",K R,Wide Receiver,Las Vegas
"Kibodi, Jacob",K J,Running Back,Cleveland
"Kieft, Ko",K K,Tight End,Tampa Bay
"Kincaid, Dalton",K D,Tight End,Buffalo
"Kinsey, Mason",K M,Wide Receiver,Tennessee
"Kirk, Christian",K C,Wide Receiver,Jacksonville
"Kirkwood, Keith",K K,Wide Receiver,Baltimore
"Kittle, George",K G,Tight End,San Francisco
"Kmet, Cole",K C,Tight End,Chicago
"Knight, Zonovan",K Z,Running Back,NY Jets
"Knox, Dawson",K D,Tight End,Buffalo
"Knue, Tanner",K T,Wide Receiver,Tampa Bay
"Kolar, Charlie",K C,Tight End,Baltimore
"Koo, Younghoe",K Y,Kicker,Atlanta
"Kraft, Tucker",K T,Tight End,Green Bay
"Kramer, Doug",K D,Center,Chicago
"Krull, Lucas",K L,Tight End,Denver
"Kuntz, Zack",K Z,Tight End,NY Jets
"Kupp, Cooper",K C,Wide Receiver,LA Rams
"Lamb, CeeDee",L C,Wide Receiver,Dallas
"Lance, Trey",L T,Quarterback,Dallas
"LaPorta, Sam",L S,Tight End,Detroit
"Laube, Dylan",L D,Running Back,Las Vegas
"Lawrence, Trevor",L T,Quarterback,Jacksonville
"Lazard, Allen",L A,Wide Receiver,NY Jets
"Leary, Devin",L D,Quarterback,Baltimore
"Lee, Matthew",L M,Center,Cincinnati
"Legette, Xavier",L X,Wide Receiver,Carolina
"Lemieux, Shane",L S,Center,New Orleans
"Levin, Corey",L C,Center,Tennessee
"Levis, Will",L W,Quarterback,Tennessee
"Lewis, Marcedes",L M,Tight End,Chicago
"Likely, Isaiah",L I,Tight End,Baltimore
"Limmer, Beaux",L B,Center,LA Rams
"Linderbaum, Tyler",L T,Center,Baltimore
"Little, Cam",L C,Kicker,Jacksonville
"Lloyd, MarShawn",L M,Running Back,Green Bay
"Lock, Drew",L D,Quarterback,NY Giants
"Lockett, Tyler",L T,Wide Receiver,Seattle
"London, Drake",L D,Wide Receiver,Atlanta
"Long, Hunter",L H,Tight End,LA Rams
"Love, Jordan",L J,Quarterback,Green Bay
"Luepke, Hunter",L H,Running Back,Dallas
"Luther, T.J.",L T,Wide Receiver,Carolina
"Luton, Jake",L J,Quarterback,Las Vegas
"Lutz, Wil",L W,Kicker,Denver
"Mabry, Tyler",M T,Tight End,Seattle
"Mahomes, Patrick",M P,Quarterback,Kansas City
"Mallory, Will",M W,Tight End,Indianapolis
"Manhertz, Chris",M C,Tight End,NY Giants
"Mann, Braden",M B,Punter,Philadelphia
"Mariota, Marcus",M M,Quarterback,Washington
"Marshall, Terrace",M T,Wide Receiver,Las Vegas
"Martin, Sam",M S,Punter,Buffalo
"Martin, Tay",M T,Wide Receiver,Tennessee
"Martin-Robinson, David",M D,Tight End,Tennessee
"Martinez, Adrian",M A,Quarterback,NY Jets
"Mason, Jordan",M J,Running Back,San Francisco
"Matlock, Scott",M S,Running Back,LA Chargers
"Matthews, Jesse",M J,Wide Receiver,Atlanta
"Matthews, Jordan",M J,Tight End,Carolina
"Mattison, Alexander",M A,Running Back,Las Vegas
"Maye, Drake",M D,Quarterback,New England
"Mayer, Michael",M M,Tight End,Las Vegas
"Mayfield, Baker",M B,Quarterback,Tampa Bay
"Mays, Cade",M C,Center,Carolina
"McAllister, Tyreik",M T,Running Back,Las Vegas
"McAtamney, Jude",M J,Kicker,NY Giants
"McBride, Trey",M T,Tight End,Arizona
"McCaffrey, Christian",M C,Running Back,San Francisco
"McCaffrey, Luke",M L,Wide Receiver,Washington
"McCarthy, J.J.",M J,Quarterback,Minnesota
"McClellan, Jase",M J,Running Back,Atlanta
"McCloud, Ray Ray",M R,Wide Receiver,Atlanta
"McCollum, Ryan",M R,Center,Pittsburgh
"McConkey, Ladd",M L,Wide Receiver,LA Chargers
"McCormick, Sincere",M S,Running Back,Las Vegas
"McCoy, Erik",M E,Center,New Orleans
"McGough, Alex",M A,Quarterback,Green Bay
"McIntosh, Kenny",M K,Running Back,Seattle
"McKee, Tanner",M T,Quarterback,Philadelphia
"McKenzie, Isaiah",M I,Wide Receiver,Miami
"McKeon, Sean",M S,Tight End,Indianapolis
"McKitty, Tre'",M T,Tight End,Cleveland
"McLachlan, Tanner",M T,Tight End,Cincinnati
"McLaughlin, Chase",M C,Kicker,Tampa Bay
"McLaughlin, Jaleel",M J,Running Back,Denver
"McLaurin, Terry",M T,Wide Receiver,Washington
"McMahon, Dylan",M D,Center,LA Rams
"McManus, Brandon",M B,Kicker,Green Bay
"McMillan, Jalen",M J,Wide Receiver,Tampa Bay
"McNichols, Jeremy",M J,Running Back,Washington
"McPherson, Evan",M E,Kicker,Cincinnati
"Means, Jerrod",M J,Wide Receiver,New Orleans
"Melton, Bo",M B,Wide Receiver,Green Bay
"Merriweather, Ellis",M E,Running Back,Green Bay
"Metcalf, D.K.",M D,Wide Receiver,Seattle
"Metchie, John",M J,Wide Receiver,Houston
"Meyers, Jakobi",M J,Wide Receiver,Las Vegas
"Miller, Anthony",M A,Wide Receiver,Baltimore
"Miller, Dante",M D,Running Back,NY Giants
"Miller, Kendre",M K,Running Back,New Orleans
"Miller, Ryan",M R,Wide Receiver,Tampa Bay
"Miller, Scott",M S,Wide Receiver,Pittsburgh
"Mills, Davis",M D,Quarterback,Houston
"Milne, Dax",M D,Wide Receiver,Carolina
"Milton, Joe",M J,Quarterback,New England
"Milton, Kendall",M K,Running Back,Cincinnati
"Mims, Jordan",M J,Running Back,New Orleans
"Mims, Marvin",M M,Wide Receiver,Denver
"Mingo, Jonathan",M J,Wide Receiver,Dallas
"Minshew, Gardner",M G,Quarterback,Las Vegas
"Mitchell, Adonai",M A,Wide Receiver,Indianapolis
"Mitchell, Elijah",M E,Running Back,San Francisco
"Mitchell, James",M J,Tight End,Detroit
"Mitchell, Keaton",M K,Running Back,Baltimore
"Mitchell-Paden, Zaire",M Z,Tight End,Baltimore
"Mixon, Joe",M J,Running Back,Houston
"Monk, Jacob",M J,Center,Green Bay
"Montgomery, D.J.",M D,Wide Receiver,Indianapolis
"Montgomery, David",M D,Running Back,Detroit
"Moody, Jake",M J,Kicker,San Francisco
"Mooney, Darnell",M D,Wide Receiver,Atlanta
"Moore, D.J.",M D,Wide Receiver,Chicago
"Moore, David",M D,Wide Receiver,Carolina
"Moore, Elijah",M E,Wide Receiver,Cleveland
"Moore, Rondale",M R,Wide Receiver,Atlanta
"Moore, Skyy",M S,Wide Receiver,Kansas City
"Mordecai, Tanner",M T,Quarterback,San Francisco
"Moreau, Foster",M F,Tight End,New Orleans
"Morgan, Stanley",M S,Wide Receiver,Tennessee
"Morris, Quintin",M Q,Tight End,Buffalo
"Morrissey, Jimmy",M J,Center,NY Giants
"Morse, Mitch",M M,Center,Jacksonville
"Morstead, Thomas",M T,Punter,NY Jets
"Moss, Zack",M Z,Running Back,Cincinnati
"Mostert, Raheem",M R,Running Back,Miami
"Mullens, Nick",M N,Quarterback,Minnesota
"Mundt, John",M J,Tight End,Minnesota
"Murray, Jordan",M J,Tight End,NY Giants
"Murray, Kyler",M K,Quarterback,Arizona
"Murtagh, Patrick",M P,Tight End,Jacksonville
"Muse, Nick",M N,Tight End,Minnesota
"Musgrave, Luke",M L,Tight End,Green Bay
"Mustipher, Sam",M S,Center,LA Chargers
"Myers, Jason",M J,Kicker,Seattle
"Myers, Josh",M J,Center,Green Bay
"Nabers, Malik",N M,Wide Receiver,NY Giants
"Nacua, Puka",N P,Wide Receiver,LA Rams
"Nailor, Jalen",N J,Wide Receiver,Minnesota
"Nix, Bo",N B,Quarterback,Denver
"Njoku, David",N D,Tight End,Cleveland
"Nourzad, Hunter",N H,Center,Kansas City
"Novitsky, Mike",N M,Center,Seattle
"Nugent, Drake",N D,Center,San Francisco
"Nwangwu, Kene",N K,Running Back,NY Jets
"O'Connell, Aidan",O A,Quarterback,Las Vegas
"O'Donnell, Pat",O P,Punter,San Francisco
"Odukoya, Thomas",O T,Tight End,Tennessee
"Odunze, Rome",O R,Wide Receiver,Chicago
"Ogletree, Andrew",O A,Tight End,Indianapolis
"Ogunbowale, Dare",O D,Running Back,Houston
"Okonkwo, Chigoziem",O C,Tight End,Tennessee
"Okwuegbunam, Albert",O A,Tight End,Indianapolis
"Oladokun, Chris",O C,Quarterback,Kansas City
"Olatoke, Praise",O P,Wide Receiver,Carolina
"Olave, Chris",O C,Wide Receiver,New Orleans
"Oliver, Bryce",O B,Wide Receiver,Tennessee
"Oliver, Josh",O J,Tight End,Minnesota
"Olszewski, Gunner",O G,Wide Receiver,NY Giants
"Oluwatimi, Olusegun",O O,Center,Seattle
"Osborn, K.J.",O K,Wide Receiver,Washington
"Otton, Cade",O C,Tight End,Tampa Bay
"Owens, Terique",O T,Wide Receiver,San Francisco
"Pacheco, Isiah",P I,Running Back,Kansas City
"Palardy, Michael",P M,Punter,Arizona
"Palmer, Josh",P J,Wide Receiver,LA Chargers
"Palmer, Tejhaun",P T,Wide Receiver,Arizona
"Palmer, Trey",P T,Wide Receiver,Tampa Bay
"Parham, Donald",P D,Tight End,Denver
"Parkinson, Colby",P C,Tight End,LA Rams
"Pascal, Zach",P Z,Wide Receiver,Arizona
"Patrick, Tim",P T,Wide Receiver,Detroit
"Patterson, Cordarrelle",P C,Running Back,Pittsburgh
"Patterson, Jaret",P J,Running Back,LA Chargers
"Patterson, Jarrett",P J,Center,Houston
"Patterson, Riley",P R,Kicker,Atlanta
"Pearsall, Ricky",P R,Wide Receiver,San Francisco
"Penix, Michael",P M,Quarterback,Atlanta
"Peoples-Jones, Donovan",P D,Wide Receiver,Detroit
"Perine, Samaje",P S,Running Back,Kansas City
"Perry, A.T.",P A,Wide Receiver,Denver
"Peterman, Nathan",P N,Quarterback,Atlanta
"Pettis, Dante",P D,Wide Receiver,New Orleans
"Philips, Kyle",P K,Wide Receiver,Philadelphia
"Pickens, George",P G,Wide Receiver,Pittsburgh
"Pickett, Kenny",P K,Quarterback,Philadelphia
"Pierce, Alec",P A,Wide Receiver,Indianapolis
"Pierce, Dameon",P D,Running Back,Houston
"Pineiro, Eddy",P E,Kicker,Carolina
"Pinion, Bradley",P B,Punter,Atlanta
"Pinter, Danny",P D,Center,Indianapolis
"Pittman, Michael",P M,Wide Receiver,Indianapolis
"Pitts, Kyle",P K,Tight End,Atlanta
"Pline, Mason",P M,Tight End,San Francisco
"Plumlee, John Rhys",P J,Quarterback,Seattle
"Plummer, Jack",P J,Quarterback,Carolina
"Pocic, Ethan",P E,Center,Cleveland
"Polk, Ja'Lynn",P J,Wide Receiver,New England
"Pollard, Tony",P T,Running Back,Tennessee
"Powell, Brandon",P B,Wide Receiver,Minnesota
"Powell, Cornell",P C,Wide Receiver,Seattle
"Prater, Matt",P M,Kicker,Arizona
"Pratt, Michael",P M,Quarterback,Tampa Bay
"Prentice, Adam",P A,Running Back,New Orleans
"Prescott, Dak",P D,Quarterback,Dallas
"Prince, Deneric",P D,Running Back,Miami
"Proche, James",P J,Wide Receiver,Cleveland
"Pruitt, MyCole",P M,Tight End,Pittsburgh
"Pryor, Kendric",P K,Wide Receiver,Cincinnati
"Purdy, Brock",P B,Quarterback,San Francisco
"Putnam, Will",P W,Center,Las Vegas
"Quessenberry, Scott",Q S,Center,Houston
"Quitoriano, Teagan",Q T,Tight End,Houston
"Ragnow, Frank",R F,Center,Detroit
"Rattler, Spencer",R S,Quarterback,New Orleans
"Raym, Andrew",R A,Center,Carolina
"Raymond, Kalif",R K,Wide Receiver,Detroit
"Reagor, Jalen",R J,Wide Receiver,LA Chargers
"Reed, Austin",R A,Quarterback,Chicago
"Reed, Jayden",R J,Wide Receiver,Green Bay
"Rees-Zammit, Louis",R L,Running Back,Jacksonville
"Rehkow, Ryan",R R,Punter,Cincinnati
"Reichard, Will",R W,Kicker,Minnesota
"Reiman, Tip",R T,Tight End,Arizona
"Remigio, Nikko",R N,Wide Receiver,Kansas City
"Reyes, Sammis",R S,Tight End,Minnesota
"Reynolds, Craig",R C,Running Back,Detroit
"Reynolds, Josh",R J,Wide Receiver,Jacksonville
"Ricard, Patrick",R P,Running Back,Baltimore
"Rice, Brenden",R B,Wide Receiver,LA Chargers
"Rice, Rashee",R R,Wide Receiver,Kansas City
"Richardson, Anthony",R A,Quarterback,Indianapolis
"Ridder, Desmond",R D,Quarterback,Las Vegas
"Ridley, Calvin",R C,Wide Receiver,Tennessee
"Riley, Marcus",R M,Wide Receiver,NY Jets
"Rivers, Ronnie",R R,Running Back,LA Rams
"Robinson, Allen",R A,Wide Receiver,Detroit
"Robinson, Bijan",R B,Running Back,Atlanta
"Robinson, Brian",R B,Running Back,Washington
"Robinson, Demarcus",R D,Wide Receiver,LA Rams
"Robinson, Keilan",R K,Running Back,Jacksonville
"Robinson, Wan'Dale",R W,Wide Receiver,NY Giants
"Rodgers, Aaron",R A,Quarterback,NY Jets
"Rodriguez, Christopher",R C,Running Back,Washington
"Rogers, Armani",R A,Tight End,Atlanta
"Romo, John Parker",R J,Kicker,New England
"Ross, Justyn",R J,Wide Receiver,Kansas City
"Ruckert, Jeremy",R J,Tight End,NY Jets
"Rudolph, Mason",R M,Quarterback,Tennessee
"Rush, Cooper",R C,Quarterback,Dallas
"Russell, Brady",R B,Tight End,Seattle
"Ryland, Chad",R C,Kicker,Arizona
"Rypien, Brett",R B,Quarterback,Minnesota
"Samac, Nick",S N,Center,Baltimore
"Sample, Drew",S D,Tight End,Cincinnati
"Samuel, Curtis",S C,Wide Receiver,Buffalo
"Samuel, Deebo",S D,Wide Receiver,San Francisco
"Sanchez, Rigoberto",S R,Punter,Indianapolis
"Sanders, Braylon",S B,Wide Receiver,New England
"Sanders, Ja'Tavion",S J,Tight End,Carolina
"Sanders, Jason",S J,Kicker,Miami
"Sanders, Miles",S M,Running Back,Carolina
"Santos, Cairo",S C,Kicker,Chicago
"Saubert, Eric",S E,Tight End,San Francisco
"Schlottmann, Austin",S A,Center,NY Giants
"Schmitz, John Michael",S J,Center,NY Giants
"Schoonmaker, Luke",S L,Tight End,Dallas
"Schrader, Cody",S C,Running Back,LA Rams
"Schultz, Dalton",S D,Tight End,Houston
"Schwartz, Anthony",S A,Wide Receiver,Miami
"Scott, JK",S J,Punter,LA Chargers
"Scott, Tyler",S T,Wide Receiver,Chicago
"Scott, Zavier",S Z,Running Back,Minnesota
"Seibert, Austin",S A,Kicker,Washington
"Seikovits, Bernhard",S B,Tight End,Arizona
"Sermon, Trey",S T,Running Back,Indianapolis
"Shaheed, Rashid",S R,Wide Receiver,New Orleans
"Shakir, Khalil",S K,Wide Receiver,Buffalo
"Shampklin, Aaron",S A,Running Back,Pittsburgh
"Shavers, Tyrell",S T,Wide Receiver,Buffalo
"Shelton, Coleman",S C,Center,Chicago
"Shenault, Laviska",S L,Wide Receiver,LA Chargers
"Shenker, John Samuel",S J,Tight End,Las Vegas
"Shepard, Sterling",S S,Wide Receiver,Tampa Bay
"Shepley, Dakoda",S D,Center,Dallas
"Sherfield, Trent",S T,Wide Receiver,Minnesota
"Shipley, Will",S W,Running Back,Philadelphia
"Shorter, Justin",S J,Tight End,Las Vegas
"Shrader, Spencer",S S,Kicker,Kansas City
"Siemian, Trevor",S T,Quarterback,Tennessee
"Sills, David",S D,Wide Receiver,Denver
"Sims, Ben",S B,Tight End,Green Bay
"Sims, Steven",S S,Wide Receiver,Baltimore
"Singletary, Devin",S D,Running Back,NY Giants
"Sinnott, Ben",S B,Tight End,Washington
"Skowronek, Ben",S B,Wide Receiver,Pittsburgh
"Slayton, Darius",S D,Wide Receiver,NY Giants
"Slovis, Kedon",S K,Quarterback,Houston
"Slye, Joey",S J,Kicker,New England
"Small, Jabari",S J,Running Back,Tennessee
"Smartt, Stone",S S,Tight End,LA Chargers
"Smith, Ainias",S A,Wide Receiver,Philadelphia
"Smith, Brandon",S B,Wide Receiver,NY Jets
"Smith, Brandon",S B,Wide Receiver,NY Jets
"Smith, DeVonta",S D,Wide Receiver,Philadelphia
"Smith, Geno",S G,Quarterback,Seattle
"Smith, Irv",S I,Tight End,Houston
"Smith, Jonnu",S J,Tight End,Miami
"Smith, Lecitus",S L,Center,New England
"Smith, Xavier",S X,Wide Receiver,LA Rams
"Smith-Marsette, Ihmir",S I,Wide Receiver,NY Giants
"Smith-Njigba, Jaxon",S J,Wide Receiver,Seattle
"Smith-Schuster, JuJu",S J,Wide Receiver,Kansas City
"Smyth, Charlie",S C,Kicker,New Orleans
"Smythe, Durham",S D,Tight End,Miami
"Sokol, Matt",S M,Tight End,Pittsburgh
"Spann-Ford, Brevyn",S B,Tight End,Dallas
"Spears, Tyjae",S T,Running Back,Tennessee
"Spiller, Isaiah",S I,Running Back,Las Vegas
"St. Brown, Amon-Ra",S A,Wide Receiver,Detroit
"St. Brown, Equanimeous",S E,Wide Receiver,New Orleans
"Stafford, Matthew",S M,Quarterback,LA Rams
"Steele, Carson",S C,Running Back,Kansas City
"Stephens, John",S J,Tight End,Dallas
"Stevenson, Rhamondre",S R,Running Back,New England
"Stick, Easton",S E,Quarterback,LA Chargers
"Stidham, Jarrett",S J,Quarterback,Denver
"Stoll, Jack",S J,Tight End,Miami
"Stonehouse, Ryan",S R,Punter,Tennessee
"Stoops, Drake",S D,Wide Receiver,LA Rams
"Stout, Jordan",S J,Punter,Baltimore
"Stover, Cade",S C,Tight End,Houston
"Strange, Brenton",S B,Tight End,Jacksonville
"Stromberg, Ricky",S R,Center,Chicago
"Strong, Pierre",S P,Running Back,Cleveland
"Stroud, C.J.",S C,Quarterback,Houston
"Sullivan, Stephen",S S,Tight End,Carolina
"Sundell, Jalen",S J,Center,Seattle
"Sutton, Courtland",S C,Wide Receiver,Denver
"Swaim, Geoff",S G,Tight End,Cleveland
"Sweeney, Tommy",S T,Tight End,Chicago
"Swift, D'Andre",S D,Running Back,Chicago
"Swinson, Messiah",S M,Tight End,Green Bay
"Szmyt, Andre",S A,Kicker,Cleveland
"Tagovailoa, Tua",T T,Quarterback,Miami
"Taula, Tanner",T T,Tight End,Tampa Bay
"Taylor, J.J.",T J,Running Back,Houston
"Taylor, Jonathan",T J,Running Back,Indianapolis
"Taylor, Malik",T M,Wide Receiver,NY Jets
"Taylor, Patrick",T P,Running Back,San Francisco
"Taylor, Tory",T T,Punter,Chicago
"Taylor, Trent",T T,Wide Receiver,San Francisco
"Taylor, Tyrod",T T,Quarterback,NY Jets
"Thielen, Adam",T A,Wide Receiver,Carolina
"Thomas, Brian",T B,Wide Receiver,Jacksonville
"Thomas, Ian",T I,Tight End,Carolina
"Thomas, Thayer",T T,Wide Receiver,Minnesota
"Thompkins, Deven",T D,Wide Receiver,Carolina
"Thompson, Cody",T C,Wide Receiver,Tampa Bay
"Thompson, Skylar",T S,Quarterback,Miami
"Thompson-Robinson, Dorian",T D,Quarterback,Cleveland
"Thornton, Tyquan",T T,Wide Receiver,Kansas City
"Thrash, Jamari",T J,Wide Receiver,Cleveland
"Tillman, Cedric",T C,Wide Receiver,Cleveland
"Tinsley, Mitchell",T M,Wide Receiver,Washington
"Tippmann, Joe",T J,Center,NY Jets
"Tipton, Mason",T M,Wide Receiver,New Orleans
"Tolbert, Jalen",T J,Wide Receiver,Dallas
"Tom, Cameron",T C,Center,Cleveland
"Tom, Zach",T Z,Center,Green Bay
"Tomlinson, Eric",T E,Tight End,LA Chargers
"Tonges, Jake",T J,Tight End,San Francisco
"Tonyan, Robert",T R,Tight End,Kansas City
"Toure, Samori",T S,Wide Receiver,Chicago
"Townsend, Tommy",T T,Punter,Houston
"Tracy, Tyrone",T T,Running Back,NY Giants
"Trammell, Austin",T A,Wide Receiver,Jacksonville
"Trask, Kyle",T K,Quarterback,Tampa Bay
"Trautman, Adam",T A,Tight End,Denver
"Travis, Jordan",T J,Quarterback,NY Jets
"Treadwell, Laquon",T L,Wide Receiver,Indianapolis
"Tremayne, Brycen",T B,Wide Receiver,Washington
"Tremble, Tommy",T T,Tight End,Carolina
"Trubisky, Mitchell",T M,Quarterback,Buffalo
"Tucker, Justin",T J,Kicker,Baltimore
"Tucker, Sean",T S,Running Back,Tampa Bay
"Tucker, Tre",T T,Wide Receiver,Las Vegas
"Tune, Clayton",T C,Quarterback,Arizona
"Turner, Cole",T C,Tight End,Washington
"Turner, D.J.",T D,Wide Receiver,Las Vegas
"Turpin, KaVontae",T K,Wide Receiver,Dallas
"Uzomah, C.J.",U C,Tight End,Philadelphia
"Vaki, Sione",V S,Running Back,Detroit
"Valdes-Scantling, Marquez",V M,Wide Receiver,New Orleans
"Valladay, Xazavian",V X,Running Back,New Orleans
"Van Pran, Sedrick",V S,Center,Buffalo
"Vannett, Nick",V N,Tight End,Tennessee
"Vaughn, Deuce",V D,Running Back,Dallas
"Vaughn, Ke'Shawn",V K,Running Back,San Francisco
"Vele, Devaughn",V D,Wide Receiver,Denver
"Vidal, Kimani",V K,Running Back,LA Chargers
"Virgil, Jalen",V J,Wide Receiver,Buffalo
"Vokolek, Travis",V T,Tight End,Arizona
"Waddle, Jaylen",W J,Wide Receiver,Miami
"Wade, Dayton",W D,Wide Receiver,Baltimore
"Waitman, Corliss",W C,Punter,Pittsburgh
"Walker, Devontez",W D,Wide Receiver,Baltimore
"Walker, Kenneth",W K,Running Back,Seattle
"Wallace, Tylan",W T,Wide Receiver,Baltimore
"Ward, Jonathan",W J,Running Back,Pittsburgh
"Warren, Jaylen",W J,Running Back,Pittsburgh
"Washington, Carlos",W C,Running Back,Atlanta
"Washington, Casey",W C,Wide Receiver,Atlanta
"Washington, Darnell",W D,Tight End,Pittsburgh
"Washington, Malik",W M,Wide Receiver,Miami
"Washington, Montrell",W M,Wide Receiver,Kansas City
"Washington, Parker",W P,Wide Receiver,Jacksonville
"Washington, Scotty",W S,Tight End,Baltimore
"Washington, Tahj",W T,Wide Receiver,Miami
"Watkins, Quez",W Q,Wide Receiver,Pittsburgh
"Watson, Blake",W B,Running Back,Denver
"Watson, Christian",W C,Wide Receiver,Green Bay
"Watson, Deshaun",W D,Quarterback,Cleveland
"Watson, Justin",W J,Wide Receiver,Kansas City
"Wattenberg, Luke",W L,Center,Denver
"Way, Tress",W T,Punter,Washington
"Wayne, Jared",W J,Wide Receiver,Houston
"Weaver, Xavier",W X,Wide Receiver,Arizona
"Webster, Nsimba",W N,Wide Receiver,Chicago
"Welch, Treyton",W T,Tight End,New Orleans
"Wentz, Carson",W C,Quarterback,Kansas City
"Westbrook, Nick",W N,Wide Receiver,Tennessee
"Westover, Jack",W J,Tight End,New England
"Wheeler, Ian",W I,Running Back,Chicago
"Whelan, Daniel",W D,Punter,Green Bay
"White, Cody",W C,Wide Receiver,Seattle
"White, David",W D,Wide Receiver,Jacksonville
"White, Mike",W M,Quarterback,Buffalo
"White, Rachaad",W R,Running Back,Tampa Bay
"White, Zamir",W Z,Running Back,Las Vegas
"Whiteheart, Blake",W B,Tight End,Cleveland
"Whittington, Jordan",W J,Wide Receiver,LA Rams
"Whyle, Josh",W J,Tight End,Tennessee
"Wicks, Dontayvion",W D,Wide Receiver,Green Bay
"Wilcox, Mitchell",W M,Tight End,New England
"Wiley, Jared",W J,Tight End,Kansas City
"Wiley, Michael",W M,Running Back,Washington
"Wilkerson, Kristian",W K,Wide Receiver,Las Vegas
"Williams, Avery",W A,Running Back,Atlanta
"Williams, Bucky",W B,Center,LA Chargers
"Williams, Caleb",W C,Quarterback,Chicago
"Williams, D.J.",W D,Running Back,Tampa Bay
"Williams, Isaiah",W I,Wide Receiver,Cincinnati
"Williams, Jamaal",W J,Running Back,New Orleans
"Williams, Jameson",W J,Wide Receiver,Detroit
"Williams, Javonte",W J,Running Back,Denver
"Williams, Kyren",W K,Running Back,LA Rams
"Williams, Mike",W M,Wide Receiver,Pittsburgh
"Williams, Seth",W S,Wide Receiver,Dallas
"Williams, Trayveon",W T,Running Back,Cincinnati
"Willis, Brayden",W B,Tight End,San Francisco
"Willis, Malik",W M,Quarterback,Green Bay
"Wilson, Cedrick",W C,Wide Receiver,New Orleans
"Wilson, Emanuel",W E,Running Back,Green Bay
"Wilson, Garrett",W G,Wide Receiver,NY Jets
"Wilson, Jeffery",W J,Running Back,Miami
"Wilson, Joel",W J,Tight End,Chicago
"Wilson, Johnny",W J,Wide Receiver,Philadelphia
"Wilson, Michael",W M,Wide Receiver,Arizona
"Wilson, Roman",W R,Wide Receiver,Pittsburgh
"Wilson, Russell",W R,Quarterback,Pittsburgh
"Wilson, Zach",W Z,Quarterback,Denver
"Winfree, Juwann",W J,Wide Receiver,Indianapolis
"Winston, Easop",W E,Wide Receiver,NY Jets
"Winston, Jameis",W J,Quarterback,Cleveland
"Wishnowsky, Mitch",W M,Punter,San Francisco
"Woerner, Charlie",W C,Tight End,Atlanta
"Wolford, John",W J,Quarterback,Jacksonville
"Woods, Jelani",W J,Tight End,Indianapolis
"Woods, Michael",W M,Wide Receiver,Cleveland
"Woods, Robert",W R,Wide Receiver,Houston
"Worthy, Xavier",W X,Wide Receiver,Kansas City
"Wright, Brock",W B,Tight End,Detroit
"Wright, Jaylen",W J,Running Back,Miami
"Wright, Owen",W O,Running Back,Baltimore
"Wright, Ryan",W R,Punter,Minnesota
"Wypler, Luke",W L,Center,Cleveland
"Yankoff, Colson",Y C,Tight End,Washington
"Yassmin, Thomas",Y T,Tight End,Denver
"Yeboah, Kenny",Y K,Tight End,NY Jets
"York, Cade",Y C,Kicker,Cincinnati
"Young, Bryce",Y B,Quarterback,Carolina
"Young, Dareke",Y D,Wide Receiver,Seattle
"Zaccheaus, Olamide",Z O,Wide Receiver,Washington
"Zappe, Bailey",Z B,Quarterback,Cleveland
"Zuerlein, Greg",Z G,Kicker,NY Jets
"Zylstra, Shane",Z S,Tight End,Detroit
"Abanikanda, Israel",A I,San Francisco,Running Back
"Abdullah, Ameer",A A,Las Vegas,Running Back
"Achane, De'Von",A D,Miami,Running Back
"Adams, Davante",A D,NY Jets,Wide Receiver
"Addison, Jordan",A J,Minnesota,Wide Receiver
"Adkins, Nate",A N,Denver,Tight End
"Agholor, Nelson",A N,Baltimore,Wide Receiver
"Agnew, Jamal",A J,Pittsburgh,Wide Receiver
"Ahmed, Salvon",A S,Indianapolis,Running Back
"Aiyuk, Brandon",A B,San Francisco,Wide Receiver
"Akers, Cam",A C,Minnesota,Running Back
"Akins, Jordan",A J,Cleveland,Tight End
"Alexander, Maurice",A M,Detroit,Wide Receiver
"Ali, Rasheen",A R,Baltimore,Running Back
"Alie-Cox, Mo",A M,Indianapolis,Tight End
"All, Erick",A E,Cincinnati,Tight End
"Allen, Braelon",A B,NY Jets,Running Back
"Allen, Brandon",A B,San Francisco,Quarterback
"Allen, Davis",A D,LA Rams,Tight End
"Allen, Josh",A J,Buffalo,Quarterback
"Allen, Kazmeir",A K,Washington,Wide Receiver
"Allen, Keenan",A K,Chicago,Wide Receiver
"Allen, Kyle",A K,Pittsburgh,Quarterback
"Allgeier, Tyler",A T,Atlanta,Running Back
"Andrews, David",A D,New England,Center
"Andrews, Jake",A J,New England,Center
"Andrews, Mark",A M,Baltimore,Tight End
"Anger, Bryan",A B,Dallas,Punter
"Araiza, Matt",A M,Kansas City,Punter
"Atwell, Chatarius",A C,LA Rams,Wide Receiver
"Aubrey, Brandon",A B,Dallas,Kicker
"Austin, Calvin",A C,Pittsburgh,Wide Receiver
"Austin, Kevin",A K,New Orleans,Wide Receiver
"Baccellia, Andre",B A,Arizona,Wide Receiver
"Bachman, Alex",B A,Las Vegas,Wide Receiver
"Badgley, Michael",B M,Detroit,Kicker
"Badie, Tyler",B T,Denver,Running Back
"Bagent, Tyson",B T,Chicago,Quarterback
"Bailey, Emani",B E,Carolina,Running Back
"Bailey, Jake",B J,Miami,Punter
"Baker, Javon",B J,New England,Wide Receiver
"Bandy, Michael",B M,Denver,Wide Receiver
"Baringer, Bryce",B B,New England,Punter
"Barkley, Saquon",B S,Philadelphia,Running Back
"Barner, AJ",B A,Seattle,Tight End
"Barton, Graham",B G,Tampa Bay,Center
"Bass, Tyler",B T,Buffalo,Kicker
"Bateman, Rashod",B R,Baltimore,Wide Receiver
"Bates, Brenden",B B,Cleveland,Tight End
"Bates, Jake",B J,Detroit,Kicker
"Bates, John",B J,Washington,Tight End
"Bean, Jason",B J,Indianapolis,Quarterback
"Beathard, C.J.",B C,Jacksonville,Quarterback
"Beck, Andrew",B A,Houston,Running Back
"Bell, David",B D,Cleveland,Wide Receiver
"Bell, Jaheim",B J,New England,Tight End
"Bell, Ronnie",B R,San Francisco,Wide Receiver
"Bellinger, Daniel",B D,NY Giants,Tight End
"Bennett, Stetson",B S,LA Rams,Quarterback
"Benson, Trey",B T,Arizona,Running Back
"Berrios, Braxton",B B,Miami,Wide Receiver
"Biadasz, Tyler",B T,Washington,Center
"Bigsby, Cartavious",B C,Jacksonville,Running Back
"Black, Tarik",B T,Miami,Wide Receiver
"Blackshear, Raheem",B R,Carolina,Running Back
"Blair, Chris",B C,Atlanta,Wide Receiver
"Blasingame, Khari",B K,Philadelphia,Running Back
"Bobo, Jake",B J,Seattle,Wide Receiver
"Bojorquez, Corey",B C,Cleveland,Punter
"Boone, Mike",B M,Carolina,Running Back
"Boswell, Chris",B C,Pittsburgh,Kicker
"Bourne, Kendrick",B K,New England,Wide Receiver
"Boutte, Kayshon",B K,New England,Wide Receiver
"Bowers, Brock",B B,Las Vegas,Tight End
"Bowman, Shawn",B S,Jacksonville,Tight End
"Boyd, Tyler",B T,Tennessee,Wide Receiver
"Boykin, Miles",B M,Seattle,Wide Receiver
"Boyle, Tim",B T,NY Giants,Quarterback
"Bozeman, Bradley",B B,LA Chargers,Center
"Bradbury, Garrett",B G,Minnesota,Center
"Bradley, Carter",B C,Las Vegas,Quarterback
"Brendel, Jake",B J,San Francisco,Center
"Brightwell, Gary",B G,Cincinnati,Running Back
"Brissett, Jacoby",B J,New England,Quarterback
"Brooks, British",B B,Houston,Running Back
"Brooks, Christopher",B C,Green Bay,Running Back
"Brooks, Jalen",B J,Dallas,Wide Receiver
"Brooks, Jonathon",B J,Carolina,Running Back
"Brown, A.J.",B A,Philadelphia,Wide Receiver
"Brown, Anthony",B A,Arizona,Quarterback
"Brown, Ben",B B,New England,Center
"Brown, Brittain",B B,Seattle,Running Back
"Brown, Chase",B C,Cincinnati,Running Back
"Brown, Dyami",B D,Washington,Wide Receiver
"Brown, Evan",B E,Arizona,Center
"Brown, Marquise",B M,Kansas City,Wide Receiver
"Brown, Noah",B N,Washington,Wide Receiver
"Brown, Pharaoh",B P,Seattle,Tight End
"Browning, Jack",B J,Tampa Bay,Punter
"Browning, Jake",B J,Cincinnati,Quarterback
"Brownlee, Jason",B J,NY Jets,Wide Receiver
"Bryant, Harrison",B H,Las Vegas,Tight End
"Buechele, Shane",B S,Buffalo,Quarterback
"Burgess, Cole",B C,Cincinnati,Wide Receiver
"Burks, Treylon",B T,Tennessee,Wide Receiver
"Burns, Robert",B R,Atlanta,Running Back
"Burrow, Joe",B J,Cincinnati,Quarterback
"Burton, Jermaine",B J,Cincinnati,Wide Receiver
"Burton, Michael",B M,Denver,Running Back
"Butker, Harrison",B H,Kansas City,Kicker
"Calcaterra, Grant",C G,Philadelphia,Tight End
"Callaway, Marquez",C M,Tampa Bay,Wide Receiver
"Campbell, Parris",C P,Philadelphia,Wide Receiver
"Carlson, Anders",C A,NY Jets,Kicker
"Carlson, Daniel",C D,Las Vegas,Kicker
"Carlson, Stephen",C S,Chicago,Tight End
"Carr, Derek",C D,New Orleans,Quarterback
"Carter, DeAndre",C D,Chicago,Wide Receiver
"Carter, Michael",C M,Arizona,Running Back
"Carter, Michael",C M,Arizona,Running Back
"Castles, McCallan",C M,LA Chargers,Tight End
"Cephus, Joshua",C J,Jacksonville,Wide Receiver
"Cephus, Quintez",C Q,LA Rams,Wide Receiver
"Chandler, Ty",C T,Minnesota,Running Back
"Charbonnet, Zach",C Z,Seattle,Running Back
"Chark, D.J.",C D,LA Chargers,Wide Receiver
"Charles, Irvin",C I,NY Jets,Wide Receiver
"Chase, Ja'Marr",C J,Cincinnati,Wide Receiver
"Chestnut, Julius",C J,Tennessee,Running Back
"Chisena, Dan",C D,Carolina,Wide Receiver
"Chubb, Nick",C N,Cleveland,Running Back
"Cindric, Matthew",C M,NY Jets,Center
"Clapp, William",C W,Buffalo,Center
"Clifford, Sean",C S,Green Bay,Quarterback
"Coker, Jalen",C J,Carolina,Wide Receiver
"Cole, A.J.",C A,Las Vegas,Punter
"Coleman, Keon",C K,Buffalo,Wide Receiver
"Coll, Ryan",C R,Indianapolis,Center
"Collier, Chris",C C,Las Vegas,Running Back
"Collins, Nico",C N,Houston,Wide Receiver
"Conklin, Tyler",C T,NY Jets,Tight End
"Conley, Chris",C C,San Francisco,Wide Receiver
"Conner, James",C J,Arizona,Running Back
"Conner, Tanner",C T,Miami,Tight End
"Cook, Dalvin",C D,Dallas,Running Back
"Cook, James",C J,Buffalo,Running Back
"Cooke, Logan",C L,Jacksonville,Punter
"Cooks, Brandin",C B,Dallas,Wide Receiver
"Cooks, Elijah",C E,Jacksonville,Wide Receiver
"Cooper, Amari",C A,Buffalo,Wide Receiver
"Corley, Malachi",C M,NY Jets,Wide Receiver
"Corum, Blake",C B,LA Rams,Running Back
"Cousins, Kirk",C K,Atlanta,Quarterback
"Covey, Britain",C B,Philadelphia,Wide Receiver
"Cowing, Jacob",C J,San Francisco,Wide Receiver
"Cracraft, River",C R,Miami,Wide Receiver
"Cropper, Jalen",C J,Dallas,Wide Receiver
"Crowder, Jamison",C J,Washington,Wide Receiver
"Culp, Devin",C D,Tampa Bay,Tight End
"Cunningham, Malik",C M,Baltimore,Wide Receiver
"Cupp, Baylor",C B,Kansas City,Tight End
"Cushenberry, Lloyd",C L,Tennessee,Center
"Dafney, Dominique",D D,Carolina,Tight End
"Dallas, DeeJay",D D,Arizona,Running Back
"Dalman, Drew",D D,Atlanta,Center
"Dalton, Andy",D A,Carolina,Quarterback
"Daniels, Jayden",D J,Washington,Quarterback
"Darden, Jaelon",D J,Seattle,Wide Receiver
"Darnold, Sam",D S,Minnesota,Quarterback
"Davidson, Zach",D Z,Buffalo,Tight End
"Davis, Derius",D D,LA Chargers,Wide Receiver
"Davis, Gabriel",D G,Jacksonville,Wide Receiver
"Davis, Isaiah",D I,NY Jets,Running Back
"Davis, Kaden",D K,Cleveland,Wide Receiver
"Davis, Malik",D M,Dallas,Running Back
"Davis, Re'Mahn",D R,Buffalo,Running Back
"Davis, Tyler",D T,Green Bay,Tight End
"Davis, Tyler",D T,Green Bay,Tight End
"Davis-Price, Tyrion",D T,Philadelphia,Running Back
"Deguara, Josiah",D J,Jacksonville,Tight End
"Dell, Nathaniel",D N,Houston,Wide Receiver
"Demercado, Emari",D E,Arizona,Running Back
"DeVito, Tommy",D T,NY Giants,Quarterback
"Dicker, Cameron",D C,LA Chargers,Kicker
"Dickson, Michael",D M,Seattle,Punter
"Diggs, Stefon",D S,Houston,Wide Receiver
"Dillon, AJ",D A,Green Bay,Running Back
"DiNucci, Ben",D B,New Orleans,Quarterback
"Dissly, Will",D W,LA Chargers,Tight End
"Dixon, Riley",D R,Denver,Punter
"Dobbins, J.K.",D J,LA Chargers,Running Back
"Dobbs, Joshua",D J,San Francisco,Quarterback
"Dorsett, Phillip",D P,Atlanta,Wide Receiver
"Dortch, Greg",D G,Arizona,Wide Receiver
"Dotson, Elijah",D E,Atlanta,Running Back
"Dotson, Jahan",D J,Philadelphia,Wide Receiver
"Doubs, Romeo",D R,Green Bay,Wide Receiver
"Douglas, Demario",D D,New England,Wide Receiver
"Dowdle, Rico",D R,Dallas,Running Back
"Dowell, Colton",D C,Tennessee,Wide Receiver
"Downs, Josh",D J,Indianapolis,Wide Receiver
"Driskel, Jeff",D J,Washington,Quarterback
"Drummond, Dylan",D D,Atlanta,Wide Receiver
"DuBose, Grant",D G,Miami,Wide Receiver
"Dulcich, Greg",D G,NY Giants,Tight End
"Dulin, Ashton",D A,Indianapolis,Wide Receiver
"Durham, Payne",D P,Tampa Bay,Tight End
"Duvernay, Devin",D D,Jacksonville,Wide Receiver
"Dwelley, Ross",D R,Atlanta,Tight End
"Edmonds, Chase",E C,Tampa Bay,Running Back
"Edwards, Gus",E G,LA Chargers,Running Back
"Edwards-Helaire, Clyde",E C,New Orleans,Running Back
"Eguakun, Kingsley",E K,Detroit,Center
"Ehlinger, Sam",E S,Indianapolis,Quarterback
"Ekeler, Austin",E A,Washington,Running Back
"Elliott, Ezekiel",E E,Dallas,Running Back
"Elliott, Jake",E J,Philadelphia,Kicker
"Engram, Evan",E E,Jacksonville,Tight End
"Erickson, Alex",E A,New England,Wide Receiver
"Ertz, Zach",E Z,Washington,Tight End
"Eskridge, D'Wayne",E D,Miami,Wide Receiver
"Estime, Audric",E A,Denver,Running Back
"Etienne, Travis",E T,Jacksonville,Running Back
"Evans, Chris",E C,Cincinnati,Running Back
"Evans, Darrynton",E D,Chicago,Running Back
"Evans, Ethan",E E,LA Rams,Punter
"Evans, Mike",E M,Tampa Bay,Wide Receiver
"Evans, Zach",E Z,NY Jets,Running Back
"Everett, Gerald",E G,Chicago,Tight End
"Ezukanma, Erik",E E,Miami,Wide Receiver
"Fairbairn, Ka'imi",F K,Houston,Kicker
"Fant, Noah",F N,Seattle,Tight End
"Fant, Princeton",F P,Dallas,Tight End
"Farrell, Luke",F L,Jacksonville,Tight End
"Feeney, Dan",F D,Minnesota,Center
"Fehoko, Simi",F S,LA Chargers,Wide Receiver
"Fenwick, Deshaun",F D,Green Bay,Running Back
"Ferguson, Jake",F J,Dallas,Tight End
"Fields, Justin",F J,Pittsburgh,Quarterback
"Firkser, Anthony",F A,Kansas City,Tight End
"Fisk, Tucker",F T,LA Chargers,Tight End
"Fitzpatrick, Dez",F D,LA Chargers,Wide Receiver
"FitzPatrick, John",F J,Green Bay,Tight End
"Flacco, Joe",F J,Indianapolis,Quarterback
"Flournoy, Ryan",F R,Dallas,Wide Receiver
"Flowers, Zay",F Z,Baltimore,Wide Receiver
"Folk, Nick",F N,Tennessee,Kicker
"Ford, Jerome",F J,Cleveland,Running Back
"Ford-Wheaton, Bryce",F B,NY Giants,Wide Receiver
"Foreman, D'Onta",F D,Cleveland,Running Back
"Foreman, Jeff",F J,Las Vegas,Wide Receiver
"Forsyth, Alex",F A,Denver,Center
"Fortner, Luke",F L,Jacksonville,Center
"Fortson, Joe",F J,Kansas City,Tight End
"Fox, Jack",F J,Detroit,Punter
"Franklin, Troy",F T,Denver,Wide Receiver
"Franks, Feleipe",F F,Carolina,Tight End
"Frazier, Zach",F Z,Pittsburgh,Center
"Freeman, Royce",F R,Chicago,Running Back
"Freiermuth, Pat",F P,Pittsburgh,Tight End
"French, Wesley",F W,Indianapolis,Center
"Fromm, Jake",F J,Detroit,Quarterback
"Gage, Russell",G R,San Francisco,Wide Receiver
"Gainwell, Kenny",G K,Philadelphia,Running Back
"Gano, Graham",G G,NY Giants,Kicker
"Garoppolo, Jimmy",G J,LA Rams,Quarterback
"Gaskin, Myles",G M,Jacksonville,Running Back
"Gates, Nick",G N,Philadelphia,Center
"Gay, Matt",G M,Indianapolis,Kicker
"Gesicki, Mike",G M,Cincinnati,Tight End
"Gibbs, Jahmyr",G J,Detroit,Running Back
"Gibson, Antonio",G A,New England,Running Back
"Gill, Jaelen",G J,Cleveland,Wide Receiver
"Gillan, Jamie",G J,NY Giants,Punter
"Gilliam, Reggie",G R,Buffalo,Running Back
"Gillikin, Blake",G B,Arizona,Punter
"Gipson, Xavier",G X,NY Jets,Wide Receiver
"Godwin, Chris",G C,Tampa Bay,Wide Receiver
"Goedert, Dallas",G D,Philadelphia,Tight End
"Goff, Jared",G J,Detroit,Quarterback
"Gonzalez, Zane",G Z,Washington,Kicker
"Goodson, Tyler",G T,Indianapolis,Running Back
"Gore, Frank",G F,Buffalo,Running Back
"Gould, Anthony",G A,Indianapolis,Wide Receiver
"Grandy, Cam",G C,Cincinnati,Tight End
"Granson, Kylen",G K,Indianapolis,Tight End
"Gray, Danny",G D,Philadelphia,Wide Receiver
"Gray, Eric",G E,NY Giants,Running Back
"Gray, Noah",G N,Kansas City,Tight End
"Green, Antoine",G A,Detroit,Wide Receiver
"Green, Kendrick",G K,Houston,Center
"Grier, Will",G W,Dallas,Quarterback
"Grupe, Blake",G B,New Orleans,Kicker
"Guerendo, Isaac",G I,San Francisco,Running Back
"Haener, Jake",H J,New Orleans,Quarterback
"Hainsey, Robert",H R,Tampa Bay,Center
"Hairston, Troy",H T,Houston,Running Back
"Hale, Alex",H A,Green Bay,Kicker
"Hall, Breece",H B,NY Jets,Running Back
"Hall, Jaren",H J,Seattle,Quarterback
"Ham, C.J.",H C,Minnesota,Running Back
"Hamler, KJ",H K,Buffalo,Wide Receiver
"Hardman, Mecole",H M,Kansas City,Wide Receiver
"Harmon, Kelvin",H K,Dallas,Wide Receiver
"Harris, Kevin",H K,New England,Running Back
"Harris, Najee",H N,Pittsburgh,Running Back
"Harris, Nick",H N,Cleveland,Center
"Harrison, Marvin",H M,Arizona,Wide Receiver
"Hartman, Sam",H S,Washington,Quarterback
"Harty, Deonte",H D,Baltimore,Wide Receiver
"Haskins, Hassan",H H,LA Chargers,Running Back
"Hasty, JaMycal",H J,New England,Running Back
"Hayball, Matt",H M,New Orleans,Punter
"Haynesworth, Sincere",H S,New Orleans,Center
"Heath, Malik",H M,Green Bay,Wide Receiver
"Heinicke, Taylor",H T,LA Chargers,Quarterback
"Hekker, Johnny",H J,Carolina,Punter
"Hendershot, Peyton",H P,Kansas City,Tight End
"Hennessy, Matt",H M,Atlanta,Center
"Henry, Derrick",H D,Baltimore,Running Back
"Henry, Hunter",H H,New England,Tight End
"Herbert, Justin",H J,LA Chargers,Quarterback
"Herbert, Khalil",H K,Cincinnati,Running Back
"Heyward, Connor",H C,Pittsburgh,Running Back
"Hicks, Julian",H J,Green Bay,Wide Receiver
"Higbee, Tyler",H T,LA Rams,Tight End
"Higgins, Elijah",H E,Arizona,Tight End
"Higgins, Tee",H T,Cincinnati,Wide Receiver
"Hill, Julian",H J,Miami,Tight End
"Hill, Justice",H J,Baltimore,Running Back
"Hill, Taysom",H T,New Orleans,Tight End
"Hill, Trey",H T,Cincinnati,Center
"Hill, Tyreek",H T,Miami,Wide Receiver
"Hines, Chasen",H C,Miami,Center
"Hines, Nyheim",H N,Cleveland,Running Back
"Hockenson, T.J.",H T,Minnesota,Tight End
"Hodge, Khadarel",H K,Atlanta,Wide Receiver
"Hodgins, Isaiah",H I,NY Giants,Wide Receiver
"Hoffman, Brock",H B,Dallas,Center
"Holani, George",H G,Seattle,Running Back
"Holker, Dallin",H D,New Orleans,Tight End
"Hollins, Mack",H M,Buffalo,Wide Receiver
"Homer, Travis",H T,Chicago,Running Back
"Hooker, Hendon",H H,Detroit,Quarterback
"Hooper, Austin",H A,New England,Tight End
"Hopkins, DeAndre",H D,Kansas City,Wide Receiver
"Hopkins, Dustin",H D,Cleveland,Kicker
"Houston, Dennis",H D,Tampa Bay,Wide Receiver
"Howell, Sam",H S,Seattle,Quarterback
"Hubbard, Chuba",H C,Carolina,Running Back
"Hudson, Bryan",H B,NY Giants,Center
"Hudson, Tanner",H T,Cincinnati,Tight End
"Hull, Evan",H E,Indianapolis,Running Back
"Humphrey, Creed",H C,Kansas City,Center
"Humphrey, Lil'Jordan",H L,Denver,Wide Receiver
"Hunt, Kareem",H K,Kansas City,Running Back
"Huntley, Tyler",H T,Miami,Quarterback
"Hurst, Hayden",H H,LA Chargers,Tight End
"Hurts, Jalen",H J,Philadelphia,Quarterback
"Hutchinson, Xavier",H X,Houston,Wide Receiver
"Hyatt, Jalin",H J,NY Giants,Wide Receiver
"Ingold, Alec",I A,Miami,Running Back
"Ingram, Keaontay",I K,Kansas City,Running Back
"Iosivas, Andrei",I A,Cincinnati,Wide Receiver
"Irving, Mar'Keise",I M,Tampa Bay,Running Back
"Irwin, Trenton",I T,Carolina,Wide Receiver
"Ismail, Qadir",I Q,Baltimore,Tight End
"Jackson, JaQuae",J J,New England,Wide Receiver
"Jackson, Jermaine",J J,New Orleans,Wide Receiver
"Jackson, Jha'Quan",J J,Tennessee,Wide Receiver
"Jackson, John",J J,Chicago,Wide Receiver
"Jackson, Kearis",J K,NY Giants,Wide Receiver
"Jackson, Lamar",J L,Baltimore,Quarterback
"Jackson, Lamar",J L,Baltimore,Quarterback
"Jackson, Lucky",J L,Minnesota,Wide Receiver
"Jackson, Shedrick",J S,Las Vegas,Wide Receiver
"Jackson, Trishton",J T,Minnesota,Wide Receiver
"Jackson, Tyree",J T,Washington,Tight End
"Jacobs, Josh",J J,Green Bay,Running Back
"Jacobson, Michael",J M,New Orleans,Tight End
"James, Andre",J A,Las Vegas,Center
"Jarrett, Rakim",J R,Tampa Bay,Wide Receiver
"Jefferson, Jermar",J J,Detroit,Running Back
"Jefferson, Justin",J J,Minnesota,Wide Receiver
"Jefferson, Van",J V,Pittsburgh,Wide Receiver
"Jenkins, E.J.",J E,Philadelphia,Tight End
"Jennings, Jauan",J J,San Francisco,Wide Receiver
"Jennings, Terrell",J T,New England,Running Back
"Jeudy, Jerry",J J,Cleveland,Wide Receiver
"Jiles Jr., Jon",J J,New England,Wide Receiver
"Johnson, Brandon",J B,Pittsburgh,Wide Receiver
"Johnson, Collin",J C,Chicago,Wide Receiver
"Johnson, Cornelius",J C,Green Bay,Wide Receiver
"Johnson, D'Ernest",J D,Jacksonville,Running Back
"Johnson, Diontae",J D,Houston,Wide Receiver
"Johnson, Jaylen",J J,LA Chargers,Wide Receiver
"Johnson, Johnny",J J,Houston,Wide Receiver
"Johnson, Josh",J J,Baltimore,Quarterback
"Johnson, Juwan",J J,New Orleans,Tight End
"Johnson, Kameron",J K,Tampa Bay,Wide Receiver
"Johnson, Roschon",J R,Chicago,Running Back
"Johnson, Theo",J T,NY Giants,Tight End
"Johnson, Ty",J T,Buffalo,Running Back
"Johnson, Tyler",J T,LA Rams,Wide Receiver
"Johnson, Xavier",J X,Houston,Wide Receiver
"Johnston, Cameron",J C,Pittsburgh,Punter
"Johnston, Quentin",J Q,LA Chargers,Wide Receiver
"Jones, Aaron",J A,Minnesota,Running Back
"Jones, Charlie",J C,Cincinnati,Wide Receiver
"Jones, Daniel",J D,Minnesota,Quarterback
"Jones, Jeshaun",J J,Minnesota,Wide Receiver
"Jones, Mac",J M,Jacksonville,Quarterback
"Jones, Tim",J T,Jacksonville,Wide Receiver
"Jones, Tony",J T,Arizona,Running Back
"Jones, Velus",J V,Carolina,Wide Receiver
"Jones, Zay",J Z,Arizona,Wide Receiver
"Jordan, Brevin",J B,Houston,Tight End
"Jordan, Jawhar",J J,Houston,Running Back
"Joseph, Greg",J G,NY Jets,Kicker
"Jurgens, Cameron",J C,Philadelphia,Center
"Juszczyk, Kyle",J K,San Francisco,Running Back
"Kalinic, Nikola",K N,LA Rams,Tight End
"Kamara, Alvin",K A,New Orleans,Running Back
"Karras, Ted",K T,Cincinnati,Center
"Karty, Joshua",K J,LA Rams,Kicker
"Keene, Dalton",K D,Houston,Tight End
"Keenum, Case",K C,Houston,Quarterback
"Kelce, Travis",K T,Kansas City,Tight End
"Kelley, Joshua",K J,Tennessee,Running Back
"Kelly, Ryan",K R,Indianapolis,Center
"Kennedy, Tom",K T,Detroit,Wide Receiver
"Keyton, Ramel",K R,Las Vegas,Wide Receiver
"Kibodi, Jacob",K J,Cleveland,Running Back
"Kieft, Ko",K K,Tampa Bay,Tight End
"Kincaid, Dalton",K D,Buffalo,Tight End
"Kinsey, Mason",K M,Tennessee,Wide Receiver
"Kirk, Christian",K C,Jacksonville,Wide Receiver
"Kirkwood, Keith",K K,Baltimore,Wide Receiver
"Kittle, George",K G,San Francisco,Tight End
"Kmet, Cole",K C,Chicago,Tight End
"Knight, Zonovan",K Z,NY Jets,Running Back
"Knox, Dawson",K D,Buffalo,Tight End
"Knue, Tanner",K T,Tampa Bay,Wide Receiver
"Kolar, Charlie",K C,Baltimore,Tight End
"Koo, Younghoe",K Y,Atlanta,Kicker
"Kraft, Tucker",K T,Green Bay,Tight End
"Kramer, Doug",K D,Chicago,Center
"Krull, Lucas",K L,Denver,Tight End
"Kuntz, Zack",K Z,NY Jets,Tight End
"Kupp, Cooper",K C,LA Rams,Wide Receiver
"Lamb, CeeDee",L C,Dallas,Wide Receiver
"Lance, Trey",L T,Dallas,Quarterback
"LaPorta, Sam",L S,Detroit,Tight End
"Laube, Dylan",L D,Las Vegas,Running Back
"Lawrence, Trevor",L T,Jacksonville,Quarterback
"Lazard, Allen",L A,NY Jets,Wide Receiver
"Leary, Devin",L D,Baltimore,Quarterback
"Lee, Matthew",L M,Cincinnati,Center
"Legette, Xavier",L X,Carolina,Wide Receiver
"Lemieux, Shane",L S,New Orleans,Center
"Levin, Corey",L C,Tennessee,Center
"Levis, Will",L W,Tennessee,Quarterback
"Lewis, Marcedes",L M,Chicago,Tight End
"Likely, Isaiah",L I,Baltimore,Tight End
"Limmer, Beaux",L B,LA Rams,Center
"Linderbaum, Tyler",L T,Baltimore,Center
"Little, Cam",L C,Jacksonville,Kicker
"Lloyd, MarShawn",L M,Green Bay,Running Back
"Lock, Drew",L D,NY Giants,Quarterback
"Lockett, Tyler",L T,Seattle,Wide Receiver
"London, Drake",L D,Atlanta,Wide Receiver
"Long, Hunter",L H,LA Rams,Tight End
"Love, Jordan",L J,Green Bay,Quarterback
"Luepke, Hunter",L H,Dallas,Running Back
"Luther, T.J.",L T,Carolina,Wide Receiver
"Luton, Jake",L J,Las Vegas,Quarterback
"Lutz, Wil",L W,Denver,Kicker
"Mabry, Tyler",M T,Seattle,Tight End
"Mahomes, Patrick",M P,Kansas City,Quarterback
"Mallory, Will",M W,Indianapolis,Tight End
"Manhertz, Chris",M C,NY Giants,Tight End
"Mann, Braden",M B,Philadelphia,Punter
"Mariota, Marcus",M M,Washington,Quarterback
"Marshall, Terrace",M T,Las Vegas,Wide Receiver
"Martin, Sam",M S,Buffalo,Punter
"Martin, Tay",M T,Tennessee,Wide Receiver
"Martin-Robinson, David",M D,Tennessee,Tight End
"Martinez, Adrian",M A,NY Jets,Quarterback
"Mason, Jordan",M J,San Francisco,Running Back
"Matlock, Scott",M S,LA Chargers,Running Back
"Matthews, Jesse",M J,Atlanta,Wide Receiver
"Matthews, Jordan",M J,Carolina,Tight End
"Mattison, Alexander",M A,Las Vegas,Running Back
"Maye, Drake",M D,New England,Quarterback
"Mayer, Michael",M M,Las Vegas,Tight End
"Mayfield, Baker",M B,Tampa Bay,Quarterback
"Mays, Cade",M C,Carolina,Center
"McAllister, Tyreik",M T,Las Vegas,Running Back
"McAtamney, Jude",M J,NY Giants,Kicker
"McBride, Trey",M T,Arizona,Tight End
"McCaffrey, Christian",M C,San Francisco,Running Back
"McCaffrey, Luke",M L,Washington,Wide Receiver
"McCarthy, J.J.",M J,Minnesota,Quarterback
"McClellan, Jase",M J,Atlanta,Running Back
"McCloud, Ray Ray",M R,Atlanta,Wide Receiver
"McCollum, Ryan",M R,Pittsburgh,Center
"McConkey, Ladd",M L,LA Chargers,Wide Receiver
"McCormick, Sincere",M S,Las Vegas,Running Back
"McCoy, Erik",M E,New Orleans,Center
"McGough, Alex",M A,Green Bay,Quarterback
"McIntosh, Kenny",M K,Seattle,Running Back
"McKee, Tanner",M T,Philadelphia,Quarterback
"McKenzie, Isaiah",M I,Miami,Wide Receiver
"McKeon, Sean",M S,Indianapolis,Tight End
"McKitty, Tre'",M T,Cleveland,Tight End
"McLachlan, Tanner",M T,Cincinnati,Tight End
"McLaughlin, Chase",M C,Tampa Bay,Kicker
"McLaughlin, Jaleel",M J,Denver,Running Back
"McLaurin, Terry",M T,Washington,Wide Receiver
"McMahon, Dylan",M D,LA Rams,Center
"McManus, Brandon",M B,Green Bay,Kicker
"McMillan, Jalen",M J,Tampa Bay,Wide Receiver
"McNichols, Jeremy",M J,Washington,Running Back
"McPherson, Evan",M E,Cincinnati,Kicker
"Means, Jerrod",M J,New Orleans,Wide Receiver
"Melton, Bo",M B,Green Bay,Wide Receiver
"Merriweather, Ellis",M E,Green Bay,Running Back
"Metcalf, D.K.",M D,Seattle,Wide Receiver
"Metchie, John",M J,Houston,Wide Receiver
"Meyers, Jakobi",M J,Las Vegas,Wide Receiver
"Miller, Anthony",M A,Baltimore,Wide Receiver
"Miller, Dante",M D,NY Giants,Running Back
"Miller, Kendre",M K,New Orleans,Running Back
"Miller, Ryan",M R,Tampa Bay,Wide Receiver
"Miller, Scott",M S,Pittsburgh,Wide Receiver
"Mills, Davis",M D,Houston,Quarterback
"Milne, Dax",M D,Carolina,Wide Receiver
"Milton, Joe",M J,New England,Quarterback
"Milton, Kendall",M K,Cincinnati,Running Back
"Mims, Jordan",M J,New Orleans,Running Back
"Mims, Marvin",M M,Denver,Wide Receiver
"Mingo, Jonathan",M J,Dallas,Wide Receiver
"Minshew, Gardner",M G,Las Vegas,Quarterback
"Mitchell, Adonai",M A,Indianapolis,Wide Receiver
"Mitchell, Elijah",M E,San Francisco,Running Back
"Mitchell, James",M J,Detroit,Tight End
"Mitchell, Keaton",M K,Baltimore,Running Back
"Mitchell-Paden, Zaire",M Z,Baltimore,Tight End
"Mixon, Joe",M J,Houston,Running Back
"Monk, Jacob",M J,Green Bay,Center
"Montgomery, D.J.",M D,Indianapolis,Wide Receiver
"Montgomery, David",M D,Detroit,Running Back
"Moody, Jake",M J,San Francisco,Kicker
"Mooney, Darnell",M D,Atlanta,Wide Receiver
"Moore, D.J.",M D,Chicago,Wide Receiver
"Moore, David",M D,Carolina,Wide Receiver
"Moore, Elijah",M E,Cleveland,Wide Receiver
"Moore, Rondale",M R,Atlanta,Wide Receiver
"Moore, Skyy",M S,Kansas City,Wide Receiver
"Mordecai, Tanner",M T,San Francisco,Quarterback
"Moreau, Foster",M F,New Orleans,Tight End
"Morgan, Stanley",M S,Tennessee,Wide Receiver
"Morris, Quintin",M Q,Buffalo,Tight End
"Morrissey, Jimmy",M J,NY Giants,Center
"Morse, Mitch",M M,Jacksonville,Center
"Morstead, Thomas",M T,NY Jets,Punter
"Moss, Zack",M Z,Cincinnati,Running Back
"Mostert, Raheem",M R,Miami,Running Back
"Mullens, Nick",M N,Minnesota,Quarterback
"Mundt, John",M J,Minnesota,Tight End
"Murray, Jordan",M J,NY Giants,Tight End
"Murray, Kyler",M K,Arizona,Quarterback
"Murtagh, Patrick",M P,Jacksonville,Tight End
"Muse, Nick",M N,Minnesota,Tight End
"Musgrave, Luke",M L,Green Bay,Tight End
"Mustipher, Sam",M S,LA Chargers,Center
"Myers, Jason",M J,Seattle,Kicker
"Myers, Josh",M J,Green Bay,Center
"Nabers, Malik",N M,NY Giants,Wide Receiver
"Nacua, Puka",N P,LA Rams,Wide Receiver
"Nailor, Jalen",N J,Minnesota,Wide Receiver
"Nix, Bo",N B,Denver,Quarterback
"Njoku, David",N D,Cleveland,Tight End
"Nourzad, Hunter",N H,Kansas City,Center
"Novitsky, Mike",N M,Seattle,Center
"Nugent, Drake",N D,San Francisco,Center
"Nwangwu, Kene",N K,NY Jets,Running Back
"O'Connell, Aidan",O A,Las Vegas,Quarterback
"O'Donnell, Pat",O P,San Francisco,Punter
"Odukoya, Thomas",O T,Tennessee,Tight End
"Odunze, Rome",O R,Chicago,Wide Receiver
"Ogletree, Andrew",O A,Indianapolis,Tight End
"Ogunbowale, Dare",O D,Houston,Running Back
"Okonkwo, Chigoziem",O C,Tennessee,Tight End
"Okwuegbunam, Albert",O A,Indianapolis,Tight End
"Oladokun, Chris",O C,Kansas City,Quarterback
"Olatoke, Praise",O P,Carolina,Wide Receiver
"Olave, Chris",O C,New Orleans,Wide Receiver
"Oliver, Bryce",O B,Tennessee,Wide Receiver
"Oliver, Josh",O J,Minnesota,Tight End
"Olszewski, Gunner",O G,NY Giants,Wide Receiver
"Oluwatimi, Olusegun",O O,Seattle,Center
"Osborn, K.J.",O K,Washington,Wide Receiver
"Otton, Cade",O C,Tampa Bay,Tight End
"Owens, Terique",O T,San Francisco,Wide Receiver
"Pacheco, Isiah",P I,Kansas City,Running Back
"Palardy, Michael",P M,Arizona,Punter
"Palmer, Josh",P J,LA Chargers,Wide Receiver
"Palmer, Tejhaun",P T,Arizona,Wide Receiver
"Palmer, Trey",P T,Tampa Bay,Wide Receiver
"Parham, Donald",P D,Denver,Tight End
"Parkinson, Colby",P C,LA Rams,Tight End
"Pascal, Zach",P Z,Arizona,Wide Receiver
"Patrick, Tim",P T,Detroit,Wide Receiver
"Patterson, Cordarrelle",P C,Pittsburgh,Running Back
"Patterson, Jaret",P J,LA Chargers,Running Back
"Patterson, Jarrett",P J,Houston,Center
"Patterson, Riley",P R,Atlanta,Kicker
"Pearsall, Ricky",P R,San Francisco,Wide Receiver
"Penix, Michael",P M,Atlanta,Quarterback
"Peoples-Jones, Donovan",P D,Detroit,Wide Receiver
"Perine, Samaje",P S,Kansas City,Running Back
"Perry, A.T.",P A,Denver,Wide Receiver
"Peterman, Nathan",P N,Atlanta,Quarterback
"Pettis, Dante",P D,New Orleans,Wide Receiver
"Philips, Kyle",P K,Philadelphia,Wide Receiver
"Pickens, George",P G,Pittsburgh,Wide Receiver
"Pickett, Kenny",P K,Philadelphia,Quarterback
"Pierce, Alec",P A,Indianapolis,Wide Receiver
"Pierce, Dameon",P D,Houston,Running Back
"Pineiro, Eddy",P E,Carolina,Kicker
"Pinion, Bradley",P B,Atlanta,Punter
"Pinter, Danny",P D,Indianapolis,Center
"Pittman, Michael",P M,Indianapolis,Wide Receiver
"Pitts, Kyle",P K,Atlanta,Tight End
"Pline, Mason",P M,San Francisco,Tight End
"Plumlee, John Rhys",P J,Seattle,Quarterback
"Plummer, Jack",P J,Carolina,Quarterback
"Pocic, Ethan",P E,Cleveland,Center
"Polk, Ja'Lynn",P J,New England,Wide Receiver
"Pollard, Tony",P T,Tennessee,Running Back
"Powell, Brandon",P B,Minnesota,Wide Receiver
"Powell, Cornell",P C,Seattle,Wide Receiver
"Prater, Matt",P M,Arizona,Kicker
"Pratt, Michael",P M,Tampa Bay,Quarterback
"Prentice, Adam",P A,New Orleans,Running Back
"Prescott, Dak",P D,Dallas,Quarterback
"Prince, Deneric",P D,Miami,Running Back
"Proche, James",P J,Cleveland,Wide Receiver
"Pruitt, MyCole",P M,Pittsburgh,Tight End
"Pryor, Kendric",P K,Cincinnati,Wide Receiver
"Purdy, Brock",P B,San Francisco,Quarterback
"Putnam, Will",P W,Las Vegas,Center
"Quessenberry, Scott",Q S,Houston,Center
"Quitoriano, Teagan",Q T,Houston,Tight End
"Ragnow, Frank",R F,Detroit,Center
"Rattler, Spencer",R S,New Orleans,Quarterback
"Raym, Andrew",R A,Carolina,Center
"Raymond, Kalif",R K,Detroit,Wide Receiver
"Reagor, Jalen",R J,LA Chargers,Wide Receiver
"Reed, Austin",R A,Chicago,Quarterback
"Reed, Jayden",R J,Green Bay,Wide Receiver
"Rees-Zammit, Louis",R L,Jacksonville,Running Back
"Rehkow, Ryan",R R,Cincinnati,Punter
"Reichard, Will",R W,Minnesota,Kicker
"Reiman, Tip",R T,Arizona,Tight End
"Remigio, Nikko",R N,Kansas City,Wide Receiver
"Reyes, Sammis",R S,Minnesota,Tight End
"Reynolds, Craig",R C,Detroit,Running Back
"Reynolds, Josh",R J,Jacksonville,Wide Receiver
"Ricard, Patrick",R P,Baltimore,Running Back
"Rice, Brenden",R B,LA Chargers,Wide Receiver
"Rice, Rashee",R R,Kansas City,Wide Receiver
"Richardson, Anthony",R A,Indianapolis,Quarterback
"Ridder, Desmond",R D,Las Vegas,Quarterback
"Ridley, Calvin",R C,Tennessee,Wide Receiver
"Riley, Marcus",R M,NY Jets,Wide Receiver
"Rivers, Ronnie",R R,LA Rams,Running Back
"Robinson, Allen",R A,Detroit,Wide Receiver
"Robinson, Bijan",R B,Atlanta,Running Back
"Robinson, Brian",R B,Washington,Running Back
"Robinson, Demarcus",R D,LA Rams,Wide Receiver
"Robinson, Keilan",R K,Jacksonville,Running Back
"Robinson, Wan'Dale",R W,NY Giants,Wide Receiver
"Rodgers, Aaron",R A,NY Jets,Quarterback
"Rodriguez, Christopher",R C,Washington,Running Back
"Rogers, Armani",R A,Atlanta,Tight End
"Romo, John Parker",R J,New England,Kicker
"Ross, Justyn",R J,Kansas City,Wide Receiver
"Ruckert, Jeremy",R J,NY Jets,Tight End
"Rudolph, Mason",R M,Tennessee,Quarterback
"Rush, Cooper",R C,Dallas,Quarterback
"Russell, Brady",R B,Seattle,Tight End
"Ryland, Chad",R C,Arizona,Kicker
"Rypien, Brett",R B,Minnesota,Quarterback
"Samac, Nick",S N,Baltimore,Center
"Sample, Drew",S D,Cincinnati,Tight End
"Samuel, Curtis",S C,Buffalo,Wide Receiver
"Samuel, Deebo",S D,San Francisco,Wide Receiver
"Sanchez, Rigoberto",S R,Indianapolis,Punter
"Sanders, Braylon",S B,New England,Wide Receiver
"Sanders, Ja'Tavion",S J,Carolina,Tight End
"Sanders, Jason",S J,Miami,Kicker
"Sanders, Miles",S M,Carolina,Running Back
"Santos, Cairo",S C,Chicago,Kicker
"Saubert, Eric",S E,San Francisco,Tight End
"Schlottmann, Austin",S A,NY Giants,Center
"Schmitz, John Michael",S J,NY Giants,Center
"Schoonmaker, Luke",S L,Dallas,Tight End
"Schrader, Cody",S C,LA Rams,Running Back
"Schultz, Dalton",S D,Houston,Tight End
"Schwartz, Anthony",S A,Miami,Wide Receiver
"Scott, JK",S J,LA Chargers,Punter
"Scott, Tyler",S T,Chicago,Wide Receiver
"Scott, Zavier",S Z,Minnesota,Running Back
"Seibert, Austin",S A,Washington,Kicker
"Seikovits, Bernhard",S B,Arizona,Tight End
"Sermon, Trey",S T,Indianapolis,Running Back
"Shaheed, Rashid",S R,New Orleans,Wide Receiver
"Shakir, Khalil",S K,Buffalo,Wide Receiver
"Shampklin, Aaron",S A,Pittsburgh,Running Back
"Shavers, Tyrell",S T,Buffalo,Wide Receiver
"Shelton, Coleman",S C,Chicago,Center
"Shenault, Laviska",S L,LA Chargers,Wide Receiver
"Shenker, John Samuel",S J,Las Vegas,Tight End
"Shepard, Sterling",S S,Tampa Bay,Wide Receiver
"Shepley, Dakoda",S D,Dallas,Center
"Sherfield, Trent",S T,Minnesota,Wide Receiver
"Shipley, Will",S W,Philadelphia,Running Back
"Shorter, Justin",S J,Las Vegas,Tight End
"Shrader, Spencer",S S,Kansas City,Kicker
"Siemian, Trevor",S T,Tennessee,Quarterback
"Sills, David",S D,Denver,Wide Receiver
"Sims, Ben",S B,Green Bay,Tight End
"Sims, Steven",S S,Baltimore,Wide Receiver
"Singletary, Devin",S D,NY Giants,Running Back
"Sinnott, Ben",S B,Washington,Tight End
"Skowronek, Ben",S B,Pittsburgh,Wide Receiver
"Slayton, Darius",S D,NY Giants,Wide Receiver
"Slovis, Kedon",S K,Houston,Quarterback
"Slye, Joey",S J,New England,Kicker
"Small, Jabari",S J,Tennessee,Running Back
"Smartt, Stone",S S,LA Chargers,Tight End
"Smith, Ainias",S A,Philadelphia,Wide Receiver
"Smith, Brandon",S B,NY Jets,Wide Receiver
"Smith, Brandon",S B,NY Jets,Wide Receiver
"Smith, DeVonta",S D,Philadelphia,Wide Receiver
"Smith, Geno",S G,Seattle,Quarterback
"Smith, Irv",S I,Houston,Tight End
"Smith, Jonnu",S J,Miami,Tight End
"Smith, Lecitus",S L,New England,Center
"Smith, Xavier",S X,LA Rams,Wide Receiver
"Smith-Marsette, Ihmir",S I,NY Giants,Wide Receiver
"Smith-Njigba, Jaxon",S J,Seattle,Wide Receiver
"Smith-Schuster, JuJu",S J,Kansas City,Wide Receiver
"Smyth, Charlie",S C,New Orleans,Kicker
"Smythe, Durham",S D,Miami,Tight End
"Sokol, Matt",S M,Pittsburgh,Tight End
"Spann-Ford, Brevyn",S B,Dallas,Tight End
"Spears, Tyjae",S T,Tennessee,Running Back
"Spiller, Isaiah",S I,Las Vegas,Running Back
"St. Brown, Amon-Ra",S A,Detroit,Wide Receiver
"St. Brown, Equanimeous",S E,New Orleans,Wide Receiver
"Stafford, Matthew",S M,LA Rams,Quarterback
"Steele, Carson",S C,Kansas City,Running Back
"Stephens, John",S J,Dallas,Tight End
"Stevenson, Rhamondre",S R,New England,Running Back
"Stick, Easton",S E,LA Chargers,Quarterback
"Stidham, Jarrett",S J,Denver,Quarterback
"Stoll, Jack",S J,Miami,Tight End
"Stonehouse, Ryan",S R,Tennessee,Punter
"Stoops, Drake",S D,LA Rams,Wide Receiver
"Stout, Jordan",S J,Baltimore,Punter
"Stover, Cade",S C,Houston,Tight End
"Strange, Brenton",S B,Jacksonville,Tight End
"Stromberg, Ricky",S R,Chicago,Center
"Strong, Pierre",S P,Cleveland,Running Back
"Stroud, C.J.",S C,Houston,Quarterback
"Sullivan, Stephen",S S,Carolina,Tight End
"Sundell, Jalen",S J,Seattle,Center
"Sutton, Courtland",S C,Denver,Wide Receiver
"Swaim, Geoff",S G,Cleveland,Tight End
"Sweeney, Tommy",S T,Chicago,Tight End
"Swift, D'Andre",S D,Chicago,Running Back
"Swinson, Messiah",S M,Green Bay,Tight End
"Szmyt, Andre",S A,Cleveland,Kicker
"Tagovailoa, Tua",T T,Miami,Quarterback
"Taula, Tanner",T T,Tampa Bay,Tight End
"Taylor, J.J.",T J,Houston,Running Back
"Taylor, Jonathan",T J,Indianapolis,Running Back
"Taylor, Malik",T M,NY Jets,Wide Receiver
"Taylor, Patrick",T P,San Francisco,Running Back
"Taylor, Tory",T T,Chicago,Punter
"Taylor, Trent",T T,San Francisco,Wide Receiver
"Taylor, Tyrod",T T,NY Jets,Quarterback
"Thielen, Adam",T A,Carolina,Wide Receiver
"Thomas, Brian",T B,Jacksonville,Wide Receiver
"Thomas, Ian",T I,Carolina,Tight End
"Thomas, Thayer",T T,Minnesota,Wide Receiver
"Thompkins, Deven",T D,Carolina,Wide Receiver
"Thompson, Cody",T C,Tampa Bay,Wide Receiver
"Thompson, Skylar",T S,Miami,Quarterback
"Thompson-Robinson, Dorian",T D,Cleveland,Quarterback
"Thornton, Tyquan",T T,Kansas City,Wide Receiver
"Thrash, Jamari",T J,Cleveland,Wide Receiver
"Tillman, Cedric",T C,Cleveland,Wide Receiver
"Tinsley, Mitchell",T M,Washington,Wide Receiver
"Tippmann, Joe",T J,NY Jets,Center
"Tipton, Mason",T M,New Orleans,Wide Receiver
"Tolbert, Jalen",T J,Dallas,Wide Receiver
"Tom, Cameron",T C,Cleveland,Center
"Tom, Zach",T Z,Green Bay,Center
"Tomlinson, Eric",T E,LA Chargers,Tight End
"Tonges, Jake",T J,San Francisco,Tight End
"Tonyan, Robert",T R,Kansas City,Tight End
"Toure, Samori",T S,Chicago,Wide Receiver
"Townsend, Tommy",T T,Houston,Punter
"Tracy, Tyrone",T T,NY Giants,Running Back
"Trammell, Austin",T A,Jacksonville,Wide Receiver
"Trask, Kyle",T K,Tampa Bay,Quarterback
"Trautman, Adam",T A,Denver,Tight End
"Travis, Jordan",T J,NY Jets,Quarterback
"Treadwell, Laquon",T L,Indianapolis,Wide Receiver
"Tremayne, Brycen",T B,Washington,Wide Receiver
"Tremble, Tommy",T T,Carolina,Tight End
"Trubisky, Mitchell",T M,Buffalo,Quarterback
"Tucker, Justin",T J,Baltimore,Kicker
"Tucker, Sean",T S,Tampa Bay,Running Back
"Tucker, Tre",T T,Las Vegas,Wide Receiver
"Tune, Clayton",T C,Arizona,Quarterback
"Turner, Cole",T C,Washington,Tight End
"Turner, D.J.",T D,Las Vegas,Wide Receiver
"Turpin, KaVontae",T K,Dallas,Wide Receiver
"Uzomah, C.J.",U C,Philadelphia,Tight End
"Vaki, Sione",V S,Detroit,Running Back
"Valdes-Scantling, Marquez",V M,New Orleans,Wide Receiver
"Valladay, Xazavian",V X,New Orleans,Running Back
"Van Pran, Sedrick",V S,Buffalo,Center
"Vannett, Nick",V N,Tennessee,Tight End
"Vaughn, Deuce",V D,Dallas,Running Back
"Vaughn, Ke'Shawn",V K,San Francisco,Running Back
"Vele, Devaughn",V D,Denver,Wide Receiver
"Vidal, Kimani",V K,LA Chargers,Running Back
"Virgil, Jalen",V J,Buffalo,Wide Receiver
"Vokolek, Travis",V T,Arizona,Tight End
"Waddle, Jaylen",W J,Miami,Wide Receiver
"Wade, Dayton",W D,Baltimore,Wide Receiver
"Waitman, Corliss",W C,Pittsburgh,Punter
"Walker, Devontez",W D,Baltimore,Wide Receiver
"Walker, Kenneth",W K,Seattle,Running Back
"Wallace, Tylan",W T,Baltimore,Wide Receiver
"Ward, Jonathan",W J,Pittsburgh,Running Back
"Warren, Jaylen",W J,Pittsburgh,Running Back
"Washington, Carlos",W C,Atlanta,Running Back
"Washington, Casey",W C,Atlanta,Wide Receiver
"Washington, Darnell",W D,Pittsburgh,Tight End
"Washington, Malik",W M,Miami,Wide Receiver
"Washington, Montrell",W M,Kansas City,Wide Receiver
"Washington, Parker",W P,Jacksonville,Wide Receiver
"Washington, Scotty",W S,Baltimore,Tight End
"Washington, Tahj",W T,Miami,Wide Receiver
"Watkins, Quez",W Q,Pittsburgh,Wide Receiver
"Watson, Blake",W B,Denver,Running Back
"Watson, Christian",W C,Green Bay,Wide Receiver
"Watson, Deshaun",W D,Cleveland,Quarterback
"Watson, Justin",W J,Kansas City,Wide Receiver
"Wattenberg, Luke",W L,Denver,Center
"Way, Tress",W T,Washington,Punter
"Wayne, Jared",W J,Houston,Wide Receiver
"Weaver, Xavier",W X,Arizona,Wide Receiver
"Webster, Nsimba",W N,Chicago,Wide Receiver
"Welch, Treyton",W T,New Orleans,Tight End
"Wentz, Carson",W C,Kansas City,Quarterback
"Westbrook, Nick",W N,Tennessee,Wide Receiver
"Westover, Jack",W J,New England,Tight End
"Wheeler, Ian",W I,Chicago,Running Back
"Whelan, Daniel",W D,Green Bay,Punter
"White, Cody",W C,Seattle,Wide Receiver
"White, David",W D,Jacksonville,Wide Receiver
"White, Mike",W M,Buffalo,Quarterback
"White, Rachaad",W R,Tampa Bay,Running Back
"White, Zamir",W Z,Las Vegas,Running Back
"Whiteheart, Blake",W B,Cleveland,Tight End
"Whittington, Jordan",W J,LA Rams,Wide Receiver
"Whyle, Josh",W J,Tennessee,Tight End
"Wicks, Dontayvion",W D,Green Bay,Wide Receiver
"Wilcox, Mitchell",W M,New England,Tight End
"Wiley, Jared",W J,Kansas City,Tight End
"Wiley, Michael",W M,Washington,Running Back
"Wilkerson, Kristian",W K,Las Vegas,Wide Receiver
"Williams, Avery",W A,Atlanta,Running Back
"Williams, Bucky",W B,LA Chargers,Center
"Williams, Caleb",W C,Chicago,Quarterback
"Williams, D.J.",W D,Tampa Bay,Running Back
"Williams, Isaiah",W I,Cincinnati,Wide Receiver
"Williams, Jamaal",W J,New Orleans,Running Back
"Williams, Jameson",W J,Detroit,Wide Receiver
"Williams, Javonte",W J,Denver,Running Back
"Williams, Kyren",W K,LA Rams,Running Back
"Williams, Mike",W M,Pittsburgh,Wide Receiver
"Williams, Seth",W S,Dallas,Wide Receiver
"Williams, Trayveon",W T,Cincinnati,Running Back
"Willis, Brayden",W B,San Francisco,Tight End
"Willis, Malik",W M,Green Bay,Quarterback
"Wilson, Cedrick",W C,New Orleans,Wide Receiver
"Wilson, Emanuel",W E,Green Bay,Running Back
"Wilson, Garrett",W G,NY Jets,Wide Receiver
"Wilson, Jeffery",W J,Miami,Running Back
"Wilson, Joel",W J,Chicago,Tight End
"Wilson, Johnny",W J,Philadelphia,Wide Receiver
"Wilson, Michael",W M,Arizona,Wide Receiver
"Wilson, Roman",W R,Pittsburgh,Wide Receiver
"Wilson, Russell",W R,Pittsburgh,Quarterback
"Wilson, Zach",W Z,Denver,Quarterback
"Winfree, Juwann",W J,Indianapolis,Wide Receiver
"Winston, Easop",W E,NY Jets,Wide Receiver
"Winston, Jameis",W J,Cleveland,Quarterback
"Wishnowsky, Mitch",W M,San Francisco,Punter
"Woerner, Charlie",W C,Atlanta,Tight End
"Wolford, John",W J,Jacksonville,Quarterback
"Woods, Jelani",W J,Indianapolis,Tight End
"Woods, Michael",W M,Cleveland,Wide Receiver
"Woods, Robert",W R,Houston,Wide Receiver
"Worthy, Xavier",W X,Kansas City,Wide Receiver
"Wright, Brock",W B,Detroit,Tight End
"Wright, Jaylen",W J,Miami,Running Back
"Wright, Owen",W O,Baltimore,Running Back
"Wright, Ryan",W R,Minnesota,Punter
"Wypler, Luke",W L,Cleveland,Center
"Yankoff, Colson",Y C,Washington,Tight End
"Yassmin, Thomas",Y T,Denver,Tight End
"Yeboah, Kenny",Y K,NY Jets,Tight End
"York, Cade",Y C,Cincinnati,Kicker
"Young, Bryce",Y B,Carolina,Quarterback
"Young, Dareke",Y D,Seattle,Wide Receiver
"Zaccheaus, Olamide",Z O,Washington,Wide Receiver
"Zappe, Bailey",Z B,Cleveland,Quarterback
"Zuerlein, Greg",Z G,NY Jets,Kicker
"Zylstra, Shane",Z S,Detroit,Tight End
